user_id,date,nb_actions,nb_echecs,volume_total,nb_acces_nuit,nb_weekend,amplitude_horaire
USR_ADM_01,2026-04-15,6,0,0,0,0,8
USR_ADM_01,2026-04-16,9,0,0,0,0,9
USR_ADM_01,2026-04-17,5,1,222,0,0,8
USR_ADM_01,2026-04-18,6,0,0,0,6,8
USR_ADM_01,2026-04-19,9,0,441,0,9,10
USR_ADM_01,2026-04-20,7,0,1,0,0,10
USR_ADM_01,2026-04-21,6,0,380,0,0,7
USR_ADM_01,2026-04-22,6,0,0,0,0,8
USR_ADM_01,2026-04-23,10,0,0,0,0,7
USR_ADM_01,2026-04-24,9,0,328,0,0,6
USR_ADM_01,2026-04-25,6,0,0,0,6,6
USR_ADM_01,2026-04-26,6,0,0,0,6,5
USR_ADM_01,2026-04-27,11,2,42,0,0,10
USR_ADM_01,2026-04-28,4,0,0,0,0,5
USR_ADM_01,2026-04-29,5,0,0,0,0,8
USR_ADM_01,2026-04-30,5,1,2,0,0,7
USR_ADM_01,2026-05-01,5,0,0,0,0,8
USR_ADM_01,2026-05-02,8,1,3,1,8,14
USR_ADM_01,2026-05-03,9,1,3,1,9,14
USR_ADM_01,2026-05-04,6,0,0,0,0,6
USR_ADM_01,2026-05-05,12,1,10,0,0,9
USR_ADM_01,2026-05-06,6,0,0,0,0,6
USR_ADM_01,2026-05-07,2,0,0,0,0,2
USR_ADM_01,2026-05-08,7,0,0,0,0,9
USR_ADM_01,2026-05-09,5,0,0,0,5,7
USR_ADM_01,2026-05-10,6,0,0,0,6,8
USR_ADM_01,2026-05-11,5,1,16,0,0,5
USR_ADM_01,2026-05-12,13,0,0,0,0,9
USR_ADM_01,2026-05-13,6,0,279,0,0,6
USR_ADM_01,2026-05-14,10,0,0,0,0,8
USR_ADM_01,2026-05-15,4,0,0,0,0,2
USR_ADM_01,2026-05-16,6,0,0,0,6,5
USR_ADM_01,2026-05-17,6,0,482,0,6,9
USR_ADM_01,2026-05-18,10,3,67,0,0,8
USR_ADM_01,2026-05-19,9,0,0,0,0,9
USR_ADM_01,2026-05-20,3,1,0,0,0,4
USR_ADM_01,2026-05-21,8,1,0,0,0,9
USR_ADM_01,2026-05-22,4,0,0,0,0,4
USR_ADM_01,2026-05-23,6,0,0,0,6,5
USR_ADM_01,2026-05-24,4,0,0,0,4,8
USR_ADM_01,2026-05-25,11,0,3,0,0,9
USR_ADM_01,2026-05-26,5,0,432,0,0,8
USR_ADM_01,2026-05-27,4,0,2,0,0,7
USR_ADM_01,2026-05-28,10,0,1,0,0,8
USR_ADM_01,2026-05-29,7,1,25,0,0,5
USR_ADM_02,2026-04-15,7,1,0,0,0,4
USR_ADM_02,2026-04-16,8,0,0,0,0,8
USR_ADM_02,2026-04-17,5,0,0,0,0,3
USR_ADM_02,2026-04-18,5,0,0,0,5,8
USR_ADM_02,2026-04-19,8,1,0,0,8,6
USR_ADM_02,2026-04-20,8,1,21,0,0,7
USR_ADM_02,2026-04-21,9,0,3,0,0,7
USR_ADM_02,2026-04-22,8,0,0,0,0,7
USR_ADM_02,2026-04-23,6,0,0,0,0,9
USR_ADM_02,2026-04-24,3,0,0,0,0,6
USR_ADM_02,2026-04-25,4,1,251,0,4,5
USR_ADM_02,2026-04-26,10,0,0,0,10,8
USR_ADM_02,2026-04-27,9,1,311,0,0,7
USR_ADM_02,2026-04-28,6,1,19,0,0,9
USR_ADM_02,2026-04-29,7,1,17,0,0,9
USR_ADM_02,2026-04-30,8,1,27,0,0,9
USR_ADM_02,2026-05-01,11,0,0,0,0,8
USR_ADM_02,2026-05-02,9,1,318,0,9,8
USR_ADM_02,2026-05-03,4,0,0,0,4,4
USR_ADM_02,2026-05-04,4,0,0,0,0,8
USR_ADM_02,2026-05-05,9,0,2,1,0,11
USR_ADM_02,2026-05-06,4,0,0,0,0,9
USR_ADM_02,2026-05-07,8,0,0,0,0,9
USR_ADM_02,2026-05-08,5,0,0,0,0,5
USR_ADM_02,2026-05-09,8,0,0,0,8,8
USR_ADM_02,2026-05-10,4,1,0,0,4,3
USR_ADM_02,2026-05-11,4,1,0,0,0,3
USR_ADM_02,2026-05-12,4,0,2,0,0,7
USR_ADM_02,2026-05-13,9,0,0,0,0,8
USR_ADM_02,2026-05-14,9,1,15,1,0,17
USR_ADM_02,2026-05-15,5,0,2,0,0,7
USR_ADM_02,2026-05-16,12,1,12,0,12,8
USR_ADM_02,2026-05-17,4,0,0,0,4,7
USR_ADM_02,2026-05-18,10,1,631,0,0,7
USR_ADM_02,2026-05-19,10,0,0,0,0,9
USR_ADM_02,2026-05-20,8,1,23,0,0,8
USR_ADM_02,2026-05-21,6,1,13,0,0,8
USR_ADM_02,2026-05-22,14,2,54,1,0,15
USR_ADM_02,2026-05-23,5,0,404,0,5,7
USR_ADM_02,2026-05-24,7,0,3,0,7,9
USR_ADM_02,2026-05-25,15,2,11,0,0,9
USR_ADM_02,2026-05-26,11,0,0,0,0,9
USR_ADM_02,2026-05-27,5,0,0,0,0,6
USR_ADM_02,2026-05-28,6,2,46,0,0,8
USR_ADM_02,2026-05-29,8,1,0,0,0,5
USR_ADM_03,2026-04-15,7,0,3,1,0,15
USR_ADM_03,2026-04-16,9,0,0,0,0,9
USR_ADM_03,2026-04-17,7,0,2,1,0,16
USR_ADM_03,2026-04-18,2,1,0,0,2,1
USR_ADM_03,2026-04-19,9,0,0,0,9,9
USR_ADM_03,2026-04-20,6,0,0,0,0,8
USR_ADM_03,2026-04-21,4,0,0,0,0,5
USR_ADM_03,2026-04-22,10,1,18,0,0,9
USR_ADM_03,2026-04-23,7,1,23,0,0,5
USR_ADM_03,2026-04-24,9,1,28,1,0,15
USR_ADM_03,2026-04-25,7,1,25,0,7,8
USR_ADM_03,2026-04-26,7,0,0,0,7,7
USR_ADM_03,2026-04-27,15,1,807,0,0,8
USR_ADM_03,2026-04-28,6,0,0,0,0,4
USR_ADM_03,2026-04-29,6,0,743,1,0,14
USR_ADM_03,2026-04-30,5,0,359,0,0,9
USR_ADM_03,2026-05-01,7,0,0,0,0,5
USR_ADM_03,2026-05-02,7,0,3,0,7,6
USR_ADM_03,2026-05-03,5,2,25,0,5,5
USR_ADM_03,2026-05-04,8,1,12,0,0,7
USR_ADM_03,2026-05-05,9,0,0,0,0,3
USR_ADM_03,2026-05-06,9,0,3,1,0,14
USR_ADM_03,2026-05-07,8,1,0,0,0,8
USR_ADM_03,2026-05-08,10,0,7,1,0,15
USR_ADM_03,2026-05-09,12,1,19,0,12,8
USR_ADM_03,2026-05-10,7,1,13,0,7,7
USR_ADM_03,2026-05-11,8,0,4,2,0,16
USR_ADM_03,2026-05-12,9,1,10,0,0,5
USR_ADM_03,2026-05-13,9,0,426,0,0,6
USR_ADM_03,2026-05-14,8,2,45,1,0,16
USR_ADM_03,2026-05-15,9,0,0,0,0,8
USR_ADM_03,2026-05-16,8,1,22,0,8,9
USR_ADM_03,2026-05-17,11,2,0,0,11,9
USR_ADM_03,2026-05-18,10,0,0,0,0,9
USR_ADM_03,2026-05-19,15,1,1,1,0,16
USR_ADM_03,2026-05-20,12,1,11,0,0,9
USR_ADM_03,2026-05-21,4,0,0,0,0,9
USR_ADM_03,2026-05-22,9,1,12,1,0,16
USR_ADM_03,2026-05-23,7,0,0,0,7,8
USR_ADM_03,2026-05-24,12,1,13,0,12,8
USR_ADM_03,2026-05-25,11,0,0,0,0,9
USR_ADM_03,2026-05-26,8,0,0,0,0,7
USR_ADM_03,2026-05-27,6,0,0,0,0,5
USR_ADM_03,2026-05-28,9,1,3,0,0,9
USR_ADM_03,2026-05-29,4,0,0,0,0,4
USR_ADM_04,2026-04-15,11,1,417,2,0,15
USR_ADM_04,2026-04-16,5,1,0,0,0,6
USR_ADM_04,2026-04-17,5,0,0,0,0,9
USR_ADM_04,2026-04-18,4,0,0,0,4,7
USR_ADM_04,2026-04-19,13,1,27,0,13,9
USR_ADM_04,2026-04-20,4,0,0,0,0,4
USR_ADM_04,2026-04-21,10,1,10,0,0,7
USR_ADM_04,2026-04-22,7,0,3,0,0,8
USR_ADM_04,2026-04-23,4,1,25,0,0,5
USR_ADM_04,2026-04-24,9,0,0,0,0,9
USR_ADM_04,2026-04-25,8,0,2,0,8,8
USR_ADM_04,2026-04-26,6,1,0,0,6,5
USR_ADM_04,2026-04-27,15,2,3,1,0,13
USR_ADM_04,2026-04-28,7,0,0,0,0,8
USR_ADM_04,2026-04-29,5,0,0,0,0,9
USR_ADM_04,2026-04-30,3,0,0,0,0,6
USR_ADM_04,2026-05-01,9,2,10,0,0,8
USR_ADM_04,2026-05-02,7,0,3,0,7,6
USR_ADM_04,2026-05-03,10,0,1,0,10,8
USR_ADM_04,2026-05-04,8,0,0,0,0,9
USR_ADM_04,2026-05-05,7,0,3,0,0,9
USR_ADM_04,2026-05-06,6,0,5,1,0,16
USR_ADM_04,2026-05-07,7,1,25,2,0,15
USR_ADM_04,2026-05-08,2,0,0,0,0,3
USR_ADM_04,2026-05-09,10,0,0,0,10,7
USR_ADM_04,2026-05-10,10,1,12,0,10,9
USR_ADM_04,2026-05-11,7,0,0,0,0,6
USR_ADM_04,2026-05-12,6,0,8,1,0,14
USR_ADM_04,2026-05-13,7,0,358,0,0,9
USR_ADM_04,2026-05-14,8,2,314,1,0,14
USR_ADM_04,2026-05-15,8,1,3,1,0,13
USR_ADM_04,2026-05-16,8,0,0,0,8,8
USR_ADM_04,2026-05-17,7,0,377,0,7,5
USR_ADM_04,2026-05-18,5,0,0,0,0,8
USR_ADM_04,2026-05-19,11,0,3,1,0,14
USR_ADM_04,2026-05-20,6,0,4,1,0,15
USR_ADM_04,2026-05-21,12,1,26,0,0,10
USR_ADM_04,2026-05-22,9,0,224,0,0,9
USR_ADM_04,2026-05-23,8,0,0,0,8,5
USR_ADM_04,2026-05-24,7,0,735,1,7,13
USR_ADM_04,2026-05-25,8,0,0,0,0,9
USR_ADM_04,2026-05-26,11,1,10,0,0,7
USR_ADM_04,2026-05-27,13,0,0,0,0,9
USR_ADM_04,2026-05-28,9,0,2,0,0,3
USR_ADM_04,2026-05-29,9,0,0,0,0,9
USR_ADM_05,2026-04-15,3,0,1,0,0,3
USR_ADM_05,2026-04-16,2,0,0,0,0,2
USR_ADM_05,2026-04-17,9,0,321,0,0,9
USR_ADM_05,2026-04-18,9,1,0,0,9,9
USR_ADM_05,2026-04-19,3,0,0,0,3,8
USR_ADM_05,2026-04-20,7,1,13,0,0,5
USR_ADM_05,2026-04-21,8,0,0,0,0,6
USR_ADM_05,2026-04-22,5,0,0,0,0,7
USR_ADM_05,2026-04-23,7,0,0,0,0,5
USR_ADM_05,2026-04-24,10,0,255,0,0,7
USR_ADM_05,2026-04-25,8,1,21,0,8,9
USR_ADM_05,2026-04-26,3,0,0,0,3,2
USR_ADM_05,2026-04-27,5,0,0,0,0,4
USR_ADM_05,2026-04-28,10,0,0,0,0,8
USR_ADM_05,2026-04-29,6,1,0,0,0,8
USR_ADM_05,2026-04-30,6,0,0,0,0,8
USR_ADM_05,2026-05-01,7,1,1,0,0,9
USR_ADM_05,2026-05-02,5,1,14,1,5,13
USR_ADM_05,2026-05-03,3,0,1,0,3,7
USR_ADM_05,2026-05-04,7,1,29,0,0,6
USR_ADM_05,2026-05-05,6,0,0,0,0,8
USR_ADM_05,2026-05-06,6,2,17,0,0,9
USR_ADM_05,2026-05-07,7,0,0,0,0,8
USR_ADM_05,2026-05-08,2,0,0,0,0,5
USR_ADM_05,2026-05-09,12,0,4,1,12,13
USR_ADM_05,2026-05-10,4,1,27,0,4,9
USR_ADM_05,2026-05-11,8,0,0,0,0,9
USR_ADM_05,2026-05-12,10,0,0,0,0,7
USR_ADM_05,2026-05-13,10,0,1,0,0,9
USR_ADM_05,2026-05-14,11,1,249,0,0,8
USR_ADM_05,2026-05-15,8,1,14,0,0,7
USR_ADM_05,2026-05-16,12,0,3,1,12,14
USR_ADM_05,2026-05-17,9,0,0,0,9,8
USR_ADM_05,2026-05-18,7,0,0,0,0,7
USR_ADM_05,2026-05-19,9,0,2,0,0,9
USR_ADM_05,2026-05-20,8,0,0,0,0,8
USR_ADM_05,2026-05-21,10,0,2,0,0,8
USR_ADM_05,2026-05-22,6,0,0,0,0,5
USR_ADM_05,2026-05-23,5,0,0,0,5,4
USR_ADM_05,2026-05-24,11,0,0,0,11,9
USR_ADM_05,2026-05-25,8,0,3,0,0,7
USR_ADM_05,2026-05-26,10,1,30,1,0,17
USR_ADM_05,2026-05-27,14,0,2,0,0,8
USR_ADM_05,2026-05-28,7,0,0,0,0,5
USR_ADM_05,2026-05-29,7,0,0,0,0,5
USR_ADM_06,2026-04-15,10,0,796,0,0,8
USR_ADM_06,2026-04-16,8,0,0,0,0,5
USR_ADM_06,2026-04-17,6,0,372,0,0,5
USR_ADM_06,2026-04-18,3,0,0,0,3,6
USR_ADM_06,2026-04-19,4,2,15,0,4,8
USR_ADM_06,2026-04-20,9,0,3,0,0,8
USR_ADM_06,2026-04-21,12,0,205,0,0,8
USR_ADM_06,2026-04-22,6,0,0,0,0,7
USR_ADM_06,2026-04-23,7,1,26,0,0,7
USR_ADM_06,2026-04-24,6,1,30,0,0,8
USR_ADM_06,2026-04-25,7,1,0,0,7,9
USR_ADM_06,2026-04-26,9,1,30,0,9,7
USR_ADM_06,2026-04-27,8,0,0,0,0,7
USR_ADM_06,2026-04-28,8,0,1,0,0,10
USR_ADM_06,2026-04-29,11,1,0,0,0,9
USR_ADM_06,2026-04-30,7,0,0,0,0,8
USR_ADM_06,2026-05-01,5,0,0,0,0,7
USR_ADM_06,2026-05-02,7,1,16,1,7,14
USR_ADM_06,2026-05-03,7,0,5,1,7,15
USR_ADM_06,2026-05-04,3,1,1,0,0,5
USR_ADM_06,2026-05-05,8,0,0,0,0,5
USR_ADM_06,2026-05-06,6,0,0,0,0,7
USR_ADM_06,2026-05-07,10,0,0,0,0,8
USR_ADM_06,2026-05-08,8,1,0,0,0,9
USR_ADM_06,2026-05-09,9,1,294,1,9,15
USR_ADM_06,2026-05-10,5,0,0,0,5,9
USR_ADM_06,2026-05-11,5,0,0,0,0,8
USR_ADM_06,2026-05-12,7,1,11,0,0,4
USR_ADM_06,2026-05-13,6,2,327,0,0,8
USR_ADM_06,2026-05-14,9,0,1,0,0,6
USR_ADM_06,2026-05-15,6,0,405,0,0,8
USR_ADM_06,2026-05-16,11,1,0,0,11,9
USR_ADM_06,2026-05-17,10,0,5,0,10,6
USR_ADM_06,2026-05-18,5,0,2,0,0,8
USR_ADM_06,2026-05-19,6,1,317,1,0,16
USR_ADM_06,2026-05-20,8,0,0,0,0,8
USR_ADM_06,2026-05-21,8,0,0,0,0,7
USR_ADM_06,2026-05-22,7,0,0,0,0,8
USR_ADM_06,2026-05-23,12,0,285,0,12,9
USR_ADM_06,2026-05-24,5,0,0,0,5,6
USR_ADM_06,2026-05-25,7,1,13,0,0,7
USR_ADM_06,2026-05-26,4,0,0,0,0,9
USR_ADM_06,2026-05-27,6,0,3,0,0,9
USR_ADM_06,2026-05-28,11,0,257,0,0,7
USR_ADM_06,2026-05-29,8,2,30,0,0,9
USR_ADM_07,2026-04-15,8,0,2,2,0,14
USR_ADM_07,2026-04-16,7,1,29,0,0,7
USR_ADM_07,2026-04-17,7,0,3,0,0,7
USR_ADM_07,2026-04-18,5,0,0,0,5,8
USR_ADM_07,2026-04-19,3,0,312,0,3,8
USR_ADM_07,2026-04-20,12,0,327,0,0,6
USR_ADM_07,2026-04-21,6,1,0,0,0,6
USR_ADM_07,2026-04-22,4,1,0,0,0,6
USR_ADM_07,2026-04-23,4,0,0,0,0,6
USR_ADM_07,2026-04-24,7,0,453,0,0,2
USR_ADM_07,2026-04-25,8,0,0,0,8,8
USR_ADM_07,2026-04-26,12,0,5,2,12,14
USR_ADM_07,2026-04-27,4,0,0,0,0,7
USR_ADM_07,2026-04-28,9,1,22,1,0,16
USR_ADM_07,2026-04-29,8,0,6,0,0,6
USR_ADM_07,2026-04-30,7,0,317,0,0,6
USR_ADM_07,2026-05-01,9,0,1,0,0,9
USR_ADM_07,2026-05-02,8,2,17,0,8,9
USR_ADM_07,2026-05-03,4,0,0,0,4,8
USR_ADM_07,2026-05-04,11,0,3,0,0,9
USR_ADM_07,2026-05-05,10,0,0,0,0,6
USR_ADM_07,2026-05-06,10,0,5,1,0,14
USR_ADM_07,2026-05-07,9,0,3,1,0,16
USR_ADM_07,2026-05-08,6,1,26,0,0,9
USR_ADM_07,2026-05-09,4,0,399,0,4,7
USR_ADM_07,2026-05-10,3,0,0,0,3,4
USR_ADM_07,2026-05-11,11,0,0,0,0,6
USR_ADM_07,2026-05-12,11,2,243,0,0,8
USR_ADM_07,2026-05-13,5,0,0,0,0,7
USR_ADM_07,2026-05-14,10,1,428,0,0,9
USR_ADM_07,2026-05-15,7,0,284,0,0,3
USR_ADM_07,2026-05-16,5,0,0,0,5,7
USR_ADM_07,2026-05-17,8,0,0,0,8,9
USR_ADM_07,2026-05-18,4,1,0,0,0,4
USR_ADM_07,2026-05-19,9,0,240,0,0,9
USR_ADM_07,2026-05-20,5,0,0,0,0,9
USR_ADM_07,2026-05-21,8,0,482,1,0,14
USR_ADM_07,2026-05-22,8,0,0,0,0,8
USR_ADM_07,2026-05-23,7,1,18,0,7,7
USR_ADM_07,2026-05-24,3,0,0,0,3,6
USR_ADM_07,2026-05-25,6,0,3,0,0,6
USR_ADM_07,2026-05-26,10,1,400,0,0,7
USR_ADM_07,2026-05-27,7,1,0,0,0,7
USR_ADM_07,2026-05-28,6,0,0,0,0,7
USR_ADM_07,2026-05-29,7,0,0,0,0,8
USR_ADM_08,2026-04-15,11,1,26,0,0,10
USR_ADM_08,2026-04-16,5,0,0,0,0,3
USR_ADM_08,2026-04-17,6,0,1,1,0,14
USR_ADM_08,2026-04-18,6,0,0,0,6,5
USR_ADM_08,2026-04-19,10,2,3,1,10,12
USR_ADM_08,2026-04-20,7,0,301,0,0,8
USR_ADM_08,2026-04-21,7,0,0,0,0,7
USR_ADM_08,2026-04-22,8,1,18,0,0,6
USR_ADM_08,2026-04-23,6,0,0,0,0,7
USR_ADM_08,2026-04-24,7,0,0,0,0,7
USR_ADM_08,2026-04-25,12,0,473,0,12,9
USR_ADM_08,2026-04-26,10,0,3,0,10,9
USR_ADM_08,2026-04-27,4,0,376,0,0,6
USR_ADM_08,2026-04-28,8,0,318,2,0,16
USR_ADM_08,2026-04-29,7,0,0,0,0,8
USR_ADM_08,2026-04-30,9,0,1,1,0,14
USR_ADM_08,2026-05-01,17,1,23,0,0,9
USR_ADM_08,2026-05-02,8,0,491,1,8,15
USR_ADM_08,2026-05-03,7,0,0,0,7,7
USR_ADM_08,2026-05-04,6,0,276,0,0,6
USR_ADM_08,2026-05-05,4,1,18,0,0,8
USR_ADM_08,2026-05-06,8,0,3,0,0,9
USR_ADM_08,2026-05-07,5,0,2,0,0,8
USR_ADM_08,2026-05-08,6,0,0,0,0,6
USR_ADM_08,2026-05-09,9,1,428,0,9,9
USR_ADM_08,2026-05-10,2,0,0,0,2,1
USR_ADM_08,2026-05-11,8,0,3,1,0,14
USR_ADM_08,2026-05-12,4,0,0,0,0,8
USR_ADM_08,2026-05-13,4,0,356,0,0,9
USR_ADM_08,2026-05-14,4,0,0,0,0,3
USR_ADM_08,2026-05-15,10,0,279,0,0,7
USR_ADM_08,2026-05-16,9,1,1,0,9,8
USR_ADM_08,2026-05-17,6,1,15,0,6,6
USR_ADM_08,2026-05-18,10,0,0,0,0,9
USR_ADM_08,2026-05-19,7,1,17,0,0,8
USR_ADM_08,2026-05-20,10,1,18,2,0,16
USR_ADM_08,2026-05-21,10,0,0,0,0,7
USR_ADM_08,2026-05-22,5,0,1,1,0,12
USR_ADM_08,2026-05-23,11,1,457,1,11,14
USR_ADM_08,2026-05-24,8,0,0,0,8,6
USR_ADM_08,2026-05-25,4,0,0,0,0,7
USR_ADM_08,2026-05-26,6,0,0,0,0,7
USR_ADM_08,2026-05-27,5,0,0,0,0,5
USR_ADM_08,2026-05-28,8,0,916,0,0,8
USR_ADM_08,2026-05-29,8,0,0,0,0,9
USR_ADM_09,2026-04-15,5,0,2,0,0,7
USR_ADM_09,2026-04-16,5,0,0,0,0,2
USR_ADM_09,2026-04-17,5,0,0,0,0,7
USR_ADM_09,2026-04-18,10,0,531,0,10,3
USR_ADM_09,2026-04-19,11,1,28,0,11,6
USR_ADM_09,2026-04-20,7,0,0,0,0,9
USR_ADM_09,2026-04-21,7,0,2,0,0,5
USR_ADM_09,2026-04-22,6,0,1,1,0,12
USR_ADM_09,2026-04-23,13,1,0,0,0,8
USR_ADM_09,2026-04-24,10,0,2,1,0,16
USR_ADM_09,2026-04-25,9,0,0,0,9,7
USR_ADM_09,2026-04-26,11,1,5,0,11,9
USR_ADM_09,2026-04-27,11,1,4,1,0,13
USR_ADM_09,2026-04-28,3,0,0,0,0,4
USR_ADM_09,2026-04-29,7,0,0,0,0,9
USR_ADM_09,2026-04-30,3,0,0,0,0,7
USR_ADM_09,2026-05-01,12,0,0,0,0,9
USR_ADM_09,2026-05-02,9,0,0,0,9,6
USR_ADM_09,2026-05-03,9,1,16,0,9,9
USR_ADM_09,2026-05-04,8,1,13,0,0,6
USR_ADM_09,2026-05-05,9,0,0,0,0,7
USR_ADM_09,2026-05-06,8,0,307,0,0,7
USR_ADM_09,2026-05-07,6,1,267,0,0,8
USR_ADM_09,2026-05-08,6,1,0,0,0,7
USR_ADM_09,2026-05-09,10,1,16,0,10,9
USR_ADM_09,2026-05-10,8,0,658,0,8,7
USR_ADM_09,2026-05-11,4,1,19,0,0,8
USR_ADM_09,2026-05-12,5,0,0,0,0,7
USR_ADM_09,2026-05-13,11,3,38,0,0,8
USR_ADM_09,2026-05-14,13,2,13,0,0,9
USR_ADM_09,2026-05-15,6,0,0,0,0,8
USR_ADM_09,2026-05-16,7,0,5,1,7,15
USR_ADM_09,2026-05-17,3,0,215,1,3,15
USR_ADM_09,2026-05-18,11,0,0,0,0,8
USR_ADM_09,2026-05-19,5,0,0,0,0,7
USR_ADM_09,2026-05-20,5,0,0,0,0,9
USR_ADM_09,2026-05-21,7,1,28,0,0,7
USR_ADM_09,2026-05-22,1,0,0,0,0,0
USR_ADM_09,2026-05-23,5,1,15,0,5,5
USR_ADM_09,2026-05-24,10,0,3,0,10,10
USR_ADM_09,2026-05-25,11,0,2,0,0,9
USR_ADM_09,2026-05-26,12,0,371,0,0,9
USR_ADM_09,2026-05-27,9,1,0,0,0,7
USR_ADM_09,2026-05-28,17,0,0,0,0,8
USR_ADM_09,2026-05-29,5,0,4,1,0,14
USR_ADM_10,2026-04-15,7,0,0,0,0,8
USR_ADM_10,2026-04-16,9,0,0,0,0,7
USR_ADM_10,2026-04-17,8,0,4,1,0,14
USR_ADM_10,2026-04-18,9,0,218,1,9,14
USR_ADM_10,2026-04-19,4,0,1,1,4,13
USR_ADM_10,2026-04-20,13,2,313,2,0,16
USR_ADM_10,2026-04-21,5,0,0,0,0,6
USR_ADM_10,2026-04-22,7,1,0,0,0,7
USR_ADM_10,2026-04-23,7,0,6,2,0,12
USR_ADM_10,2026-04-24,7,1,17,1,0,11
USR_ADM_10,2026-04-25,6,0,0,0,6,7
USR_ADM_10,2026-04-26,9,0,3,0,9,9
USR_ADM_10,2026-04-27,10,0,0,0,0,8
USR_ADM_10,2026-04-28,6,0,418,1,0,15
USR_ADM_10,2026-04-29,12,1,32,2,0,16
USR_ADM_10,2026-04-30,5,0,0,0,0,6
USR_ADM_10,2026-05-01,5,1,28,0,0,10
USR_ADM_10,2026-05-02,10,1,388,0,10,7
USR_ADM_10,2026-05-03,8,0,0,0,8,7
USR_ADM_10,2026-05-04,5,1,0,0,0,6
USR_ADM_10,2026-05-05,4,0,256,0,0,4
USR_ADM_10,2026-05-06,3,0,0,0,0,6
USR_ADM_10,2026-05-07,7,0,0,0,0,9
USR_ADM_10,2026-05-08,10,1,243,0,0,9
USR_ADM_10,2026-05-09,9,0,0,0,9,9
USR_ADM_10,2026-05-10,5,0,0,0,5,9
USR_ADM_10,2026-05-11,7,0,0,0,0,8
USR_ADM_10,2026-05-12,10,0,0,0,0,8
USR_ADM_10,2026-05-13,6,1,31,1,0,14
USR_ADM_10,2026-05-14,7,0,5,1,0,12
USR_ADM_10,2026-05-15,11,0,410,0,0,7
USR_ADM_10,2026-05-16,10,1,0,0,10,9
USR_ADM_10,2026-05-17,5,1,14,0,5,8
USR_ADM_10,2026-05-18,8,2,25,0,0,7
USR_ADM_10,2026-05-19,12,1,0,0,0,8
USR_ADM_10,2026-05-20,5,0,0,0,0,9
USR_ADM_10,2026-05-21,9,0,0,0,0,9
USR_ADM_10,2026-05-22,9,1,0,0,0,9
USR_ADM_10,2026-05-23,7,0,0,0,7,9
USR_ADM_10,2026-05-24,6,1,19,0,6,7
USR_ADM_10,2026-05-25,6,1,0,0,0,8
USR_ADM_10,2026-05-26,7,1,375,0,0,9
USR_ADM_10,2026-05-27,11,1,264,0,0,8
USR_ADM_10,2026-05-28,12,0,459,0,0,9
USR_ADM_10,2026-05-29,5,0,3,1,0,14
USR_INF_01,2026-04-15,3,0,8,0,0,8
USR_INF_01,2026-04-16,4,0,8,0,0,12
USR_INF_01,2026-04-17,3,0,7,0,0,10
USR_INF_01,2026-04-18,3,0,7,1,3,14
USR_INF_01,2026-04-19,10,0,20,0,10,13
USR_INF_01,2026-04-20,3,0,7,0,0,10
USR_INF_01,2026-04-21,3,0,4,0,0,9
USR_INF_01,2026-04-22,4,0,8,0,0,3
USR_INF_01,2026-04-23,5,0,8,0,0,7
USR_INF_01,2026-04-24,4,0,9,0,0,10
USR_INF_01,2026-04-25,2,0,5,0,2,1
USR_INF_01,2026-04-26,5,0,8,0,5,11
USR_INF_01,2026-04-27,3,0,9,0,0,9
USR_INF_01,2026-04-29,5,1,346,1,0,16
USR_INF_01,2026-04-30,3,0,4,0,0,5
USR_INF_01,2026-05-01,2,0,5,1,0,9
USR_INF_01,2026-05-02,3,0,7,0,3,6
USR_INF_01,2026-05-03,2,0,5,0,2,0
USR_INF_01,2026-05-04,5,0,9,0,0,9
USR_INF_01,2026-05-05,3,1,23,0,0,10
USR_INF_01,2026-05-06,4,0,9,0,0,9
USR_INF_01,2026-05-07,2,0,2,0,0,5
USR_INF_01,2026-05-08,6,0,17,1,0,19
USR_INF_01,2026-05-09,2,0,5,0,2,6
USR_INF_01,2026-05-10,2,0,3,0,2,2
USR_INF_01,2026-05-12,6,0,13,0,0,15
USR_INF_01,2026-05-13,1,0,1,0,0,0
USR_INF_01,2026-05-14,5,0,16,1,0,16
USR_INF_01,2026-05-15,5,0,12,0,0,6
USR_INF_01,2026-05-17,4,0,9,0,4,10
USR_INF_01,2026-05-18,6,0,9,0,0,12
USR_INF_01,2026-05-19,6,1,26,0,0,12
USR_INF_01,2026-05-20,3,0,5,0,0,11
USR_INF_01,2026-05-21,3,0,7,0,0,4
USR_INF_01,2026-05-22,3,0,7,0,0,9
USR_INF_01,2026-05-23,2,0,5,0,2,12
USR_INF_01,2026-05-24,2,0,4,0,2,4
USR_INF_01,2026-05-25,1,0,2,0,0,0
USR_INF_01,2026-05-26,3,1,4,0,0,5
USR_INF_01,2026-05-27,2,0,5,0,0,9
USR_INF_01,2026-05-28,3,0,9,0,0,4
USR_INF_01,2026-05-29,2,0,4,0,0,10
USR_INF_02,2026-04-15,3,0,7,0,0,13
USR_INF_02,2026-04-16,6,0,14,0,0,12
USR_INF_02,2026-04-17,1,0,1,0,0,0
USR_INF_02,2026-04-18,5,0,9,0,5,8
USR_INF_02,2026-04-19,4,0,10,0,4,6
USR_INF_02,2026-04-20,4,0,8,0,0,12
USR_INF_02,2026-04-21,5,0,10,0,0,11
USR_INF_02,2026-04-22,1,0,2,0,0,0
USR_INF_02,2026-04-23,6,0,12,0,0,12
USR_INF_02,2026-04-24,1,0,3,0,0,0
USR_INF_02,2026-04-25,4,0,8,0,4,4
USR_INF_02,2026-04-26,2,0,5,0,2,7
USR_INF_02,2026-04-27,4,0,7,0,0,8
USR_INF_02,2026-04-28,7,0,17,1,0,20
USR_INF_02,2026-04-29,2,0,4,0,0,8
USR_INF_02,2026-04-30,5,0,6,0,0,13
USR_INF_02,2026-05-01,4,0,9,0,0,13
USR_INF_02,2026-05-02,2,0,5,0,2,2
USR_INF_02,2026-05-03,4,0,9,0,4,13
USR_INF_02,2026-05-04,3,0,8,0,0,3
USR_INF_02,2026-05-05,2,0,5,0,0,2
USR_INF_02,2026-05-06,6,0,15,0,0,12
USR_INF_02,2026-05-07,3,0,7,0,0,11
USR_INF_02,2026-05-08,3,0,5,0,0,4
USR_INF_02,2026-05-09,2,0,4,0,2,5
USR_INF_02,2026-05-10,7,0,14,0,7,10
USR_INF_02,2026-05-11,5,0,10,0,0,9
USR_INF_02,2026-05-12,4,0,7,0,0,2
USR_INF_02,2026-05-13,3,0,7,1,0,15
USR_INF_02,2026-05-14,4,0,10,0,0,14
USR_INF_02,2026-05-15,3,0,423,1,0,18
USR_INF_02,2026-05-16,1,0,3,0,1,0
USR_INF_02,2026-05-17,4,0,6,0,4,9
USR_INF_02,2026-05-18,4,0,6,0,0,5
USR_INF_02,2026-05-19,5,0,12,0,0,10
USR_INF_02,2026-05-20,2,0,4,0,0,8
USR_INF_02,2026-05-21,4,1,29,0,0,12
USR_INF_02,2026-05-22,5,1,20,0,0,13
USR_INF_02,2026-05-23,3,0,4,0,3,8
USR_INF_02,2026-05-24,3,0,5,0,3,8
USR_INF_02,2026-05-25,2,1,6,0,0,4
USR_INF_02,2026-05-26,3,0,8,0,0,2
USR_INF_02,2026-05-27,4,0,6,0,0,9
USR_INF_02,2026-05-29,2,0,3,0,0,3
USR_INF_03,2026-04-15,5,0,9,0,0,12
USR_INF_03,2026-04-16,12,1,39,1,0,17
USR_INF_03,2026-04-17,3,0,5,0,0,7
USR_INF_03,2026-04-18,3,0,6,0,3,12
USR_INF_03,2026-04-19,6,0,435,0,6,10
USR_INF_03,2026-04-20,2,0,4,0,0,7
USR_INF_03,2026-04-21,4,0,9,0,0,9
USR_INF_03,2026-04-22,6,0,11,0,0,13
USR_INF_03,2026-04-23,3,0,4,0,0,10
USR_INF_03,2026-04-24,8,0,20,0,0,14
USR_INF_03,2026-04-25,3,0,3,0,3,11
USR_INF_03,2026-04-26,6,0,12,0,6,10
USR_INF_03,2026-04-27,3,1,31,0,0,7
USR_INF_03,2026-04-29,5,0,12,0,0,12
USR_INF_03,2026-04-30,5,0,8,0,0,14
USR_INF_03,2026-05-01,4,0,10,0,0,3
USR_INF_03,2026-05-02,2,0,3,0,2,1
USR_INF_03,2026-05-03,4,0,7,0,4,14
USR_INF_03,2026-05-04,3,0,8,0,0,2
USR_INF_03,2026-05-05,5,0,9,0,0,14
USR_INF_03,2026-05-06,1,0,2,0,0,0
USR_INF_03,2026-05-07,2,0,4,0,0,5
USR_INF_03,2026-05-08,5,1,8,1,0,18
USR_INF_03,2026-05-09,7,0,15,2,7,19
USR_INF_03,2026-05-10,2,0,3,0,2,9
USR_INF_03,2026-05-11,5,0,14,0,0,14
USR_INF_03,2026-05-12,3,0,8,0,0,6
USR_INF_03,2026-05-13,1,0,3,0,0,0
USR_INF_03,2026-05-14,3,0,5,0,0,11
USR_INF_03,2026-05-15,4,0,5,0,0,3
USR_INF_03,2026-05-16,4,1,27,0,4,11
USR_INF_03,2026-05-17,4,0,11,0,4,11
USR_INF_03,2026-05-18,4,0,10,0,0,10
USR_INF_03,2026-05-19,5,1,31,0,0,13
USR_INF_03,2026-05-20,2,0,3,0,0,11
USR_INF_03,2026-05-21,2,0,5,0,0,8
USR_INF_03,2026-05-22,3,0,8,0,0,9
USR_INF_03,2026-05-23,2,0,6,0,2,3
USR_INF_03,2026-05-24,4,0,8,0,4,10
USR_INF_03,2026-05-25,5,0,7,0,0,14
USR_INF_03,2026-05-26,7,0,16,0,0,12
USR_INF_03,2026-05-27,1,0,1,0,0,0
USR_INF_03,2026-05-28,5,0,12,0,0,7
USR_INF_03,2026-05-29,6,0,15,0,0,13
USR_INF_04,2026-04-15,2,0,5,0,0,2
USR_INF_04,2026-04-16,3,0,6,0,0,8
USR_INF_04,2026-04-17,1,0,2,0,0,0
USR_INF_04,2026-04-18,3,0,8,0,3,5
USR_INF_04,2026-04-20,3,0,7,0,0,3
USR_INF_04,2026-04-21,3,0,10,1,0,17
USR_INF_04,2026-04-22,5,0,9,0,0,8
USR_INF_04,2026-04-23,4,0,7,0,0,14
USR_INF_04,2026-04-25,5,1,10,0,5,8
USR_INF_04,2026-04-26,5,1,23,0,5,8
USR_INF_04,2026-04-27,4,2,31,0,0,10
USR_INF_04,2026-04-28,5,0,12,0,0,13
USR_INF_04,2026-04-29,4,0,433,0,0,12
USR_INF_04,2026-04-30,1,1,2,0,0,0
USR_INF_04,2026-05-01,6,0,10,0,0,13
USR_INF_04,2026-05-02,2,0,4,0,2,0
USR_INF_04,2026-05-03,5,0,12,1,5,18
USR_INF_04,2026-05-04,1,0,1,0,0,0
USR_INF_04,2026-05-05,3,0,5,0,0,11
USR_INF_04,2026-05-06,3,0,8,0,0,1
USR_INF_04,2026-05-07,4,0,9,0,0,9
USR_INF_04,2026-05-08,2,0,4,0,0,2
USR_INF_04,2026-05-09,7,1,38,0,7,8
USR_INF_04,2026-05-10,5,1,9,0,5,7
USR_INF_04,2026-05-11,4,0,7,0,0,6
USR_INF_04,2026-05-12,4,0,7,0,0,14
USR_INF_04,2026-05-13,3,0,4,0,0,9
USR_INF_04,2026-05-14,4,0,8,0,0,12
USR_INF_04,2026-05-15,2,1,16,0,0,5
USR_INF_04,2026-05-16,7,0,12,0,7,8
USR_INF_04,2026-05-17,4,0,9,0,4,9
USR_INF_04,2026-05-18,3,0,6,0,0,6
USR_INF_04,2026-05-19,4,0,8,0,0,10
USR_INF_04,2026-05-20,3,0,444,0,0,11
USR_INF_04,2026-05-21,5,0,9,0,0,12
USR_INF_04,2026-05-22,3,0,4,0,0,13
USR_INF_04,2026-05-23,3,0,4,0,3,14
USR_INF_04,2026-05-24,3,0,6,0,3,9
USR_INF_04,2026-05-25,4,0,8,0,0,6
USR_INF_04,2026-05-26,2,0,4,0,0,2
USR_INF_04,2026-05-27,4,0,6,0,0,9
USR_INF_04,2026-05-28,7,0,497,0,0,11
USR_INF_04,2026-05-29,1,0,2,0,0,0
USR_INF_05,2026-04-15,2,0,2,0,0,3
USR_INF_05,2026-04-16,6,0,17,0,0,14
USR_INF_05,2026-04-17,7,1,394,0,0,10
USR_INF_05,2026-04-18,7,0,16,0,7,14
USR_INF_05,2026-04-19,4,0,8,0,4,13
USR_INF_05,2026-04-20,3,0,6,0,0,11
USR_INF_05,2026-04-21,13,1,321,0,0,9
USR_INF_05,2026-04-22,2,0,4,0,0,1
USR_INF_05,2026-04-23,3,0,7,0,0,10
USR_INF_05,2026-04-24,3,0,8,1,0,7
USR_INF_05,2026-04-25,4,0,6,0,4,5
USR_INF_05,2026-04-26,7,1,496,0,7,8
USR_INF_05,2026-04-27,8,0,15,0,0,15
USR_INF_05,2026-04-28,6,0,261,0,0,13
USR_INF_05,2026-04-29,6,0,471,0,0,7
USR_INF_05,2026-04-30,4,0,465,0,0,11
USR_INF_05,2026-05-01,5,0,10,2,0,19
USR_INF_05,2026-05-02,6,0,10,0,6,15
USR_INF_05,2026-05-03,3,0,7,0,3,2
USR_INF_05,2026-05-04,4,0,6,0,0,11
USR_INF_05,2026-05-05,3,0,7,0,0,1
USR_INF_05,2026-05-06,3,0,5,0,0,10
USR_INF_05,2026-05-07,5,0,15,0,0,12
USR_INF_05,2026-05-08,4,0,8,0,0,4
USR_INF_05,2026-05-09,5,0,8,1,5,18
USR_INF_05,2026-05-10,4,0,8,0,4,8
USR_INF_05,2026-05-11,3,0,7,0,0,11
USR_INF_05,2026-05-12,5,1,10,0,0,8
USR_INF_05,2026-05-13,4,0,7,1,0,17
USR_INF_05,2026-05-14,1,0,201,0,0,0
USR_INF_05,2026-05-15,6,0,10,0,0,15
USR_INF_05,2026-05-16,2,0,5,0,2,1
USR_INF_05,2026-05-17,4,0,11,0,4,10
USR_INF_05,2026-05-18,4,0,7,1,0,18
USR_INF_05,2026-05-19,2,0,3,0,0,3
USR_INF_05,2026-05-20,5,0,12,1,0,14
USR_INF_05,2026-05-21,8,0,21,1,0,20
USR_INF_05,2026-05-22,4,0,6,0,0,10
USR_INF_05,2026-05-23,5,0,7,0,5,11
USR_INF_05,2026-05-24,6,1,11,0,6,7
USR_INF_05,2026-05-25,5,0,7,0,0,9
USR_INF_05,2026-05-26,1,0,1,1,0,0
USR_INF_05,2026-05-27,2,1,30,0,0,1
USR_INF_05,2026-05-28,5,0,10,0,0,10
USR_INF_05,2026-05-29,5,0,9,0,0,9
USR_INF_06,2026-04-15,6,0,13,1,0,15
USR_INF_06,2026-04-17,3,0,8,0,0,14
USR_INF_06,2026-04-18,1,0,2,0,1,0
USR_INF_06,2026-04-19,1,0,3,0,1,0
USR_INF_06,2026-04-20,3,0,6,0,0,13
USR_INF_06,2026-04-21,4,0,252,0,0,6
USR_INF_06,2026-04-22,2,0,4,0,0,2
USR_INF_06,2026-04-23,4,1,16,0,0,4
USR_INF_06,2026-04-24,2,0,5,0,0,2
USR_INF_06,2026-04-25,3,1,24,0,3,2
USR_INF_06,2026-04-26,3,0,6,0,3,10
USR_INF_06,2026-04-27,6,0,427,0,0,6
USR_INF_06,2026-04-28,1,0,3,0,0,0
USR_INF_06,2026-04-29,6,0,13,0,0,14
USR_INF_06,2026-04-30,4,0,7,0,0,0
USR_INF_06,2026-05-01,8,2,42,0,0,11
USR_INF_06,2026-05-02,2,0,8,1,2,6
USR_INF_06,2026-05-03,3,0,5,0,3,5
USR_INF_06,2026-05-04,2,0,6,0,0,1
USR_INF_06,2026-05-05,3,0,390,0,0,6
USR_INF_06,2026-05-06,1,0,2,0,0,0
USR_INF_06,2026-05-07,1,0,2,0,0,0
USR_INF_06,2026-05-08,6,1,24,0,0,11
USR_INF_06,2026-05-09,10,0,498,0,10,13
USR_INF_06,2026-05-10,5,0,350,1,5,19
USR_INF_06,2026-05-11,5,1,28,0,0,8
USR_INF_06,2026-05-13,2,0,6,0,0,6
USR_INF_06,2026-05-14,7,0,19,1,0,11
USR_INF_06,2026-05-15,3,0,8,0,0,11
USR_INF_06,2026-05-16,1,0,3,0,1,0
USR_INF_06,2026-05-17,2,0,5,0,2,11
USR_INF_06,2026-05-18,5,0,7,0,0,9
USR_INF_06,2026-05-19,5,1,17,0,0,7
USR_INF_06,2026-05-20,6,0,13,0,0,12
USR_INF_06,2026-05-21,9,0,660,0,0,14
USR_INF_06,2026-05-22,4,0,8,0,0,11
USR_INF_06,2026-05-23,4,0,8,1,4,9
USR_INF_06,2026-05-24,3,0,413,0,3,7
USR_INF_06,2026-05-25,3,0,6,0,0,12
USR_INF_06,2026-05-26,5,0,259,0,0,8
USR_INF_06,2026-05-27,5,0,9,0,0,10
USR_INF_06,2026-05-28,5,0,10,0,0,12
USR_INF_06,2026-05-29,3,0,7,0,0,11
USR_INF_07,2026-04-15,2,0,4,0,0,11
USR_INF_07,2026-04-16,3,0,7,0,0,6
USR_INF_07,2026-04-17,5,0,9,0,0,8
USR_INF_07,2026-04-18,4,0,10,0,4,10
USR_INF_07,2026-04-19,1,0,2,0,1,0
USR_INF_07,2026-04-20,3,0,6,0,0,8
USR_INF_07,2026-04-21,4,0,6,0,0,3
USR_INF_07,2026-04-22,1,0,3,0,0,0
USR_INF_07,2026-04-23,4,1,6,0,0,10
USR_INF_07,2026-04-24,1,0,1,0,0,0
USR_INF_07,2026-04-25,1,0,1,0,1,0
USR_INF_07,2026-04-26,7,0,14,0,7,10
USR_INF_07,2026-04-27,1,0,2,0,0,0
USR_INF_07,2026-04-28,1,1,30,0,0,0
USR_INF_07,2026-04-29,1,0,1,0,0,0
USR_INF_07,2026-04-30,6,1,28,0,0,10
USR_INF_07,2026-05-01,6,0,428,0,0,11
USR_INF_07,2026-05-02,3,0,6,0,3,4
USR_INF_07,2026-05-03,4,0,8,0,4,4
USR_INF_07,2026-05-04,1,0,2,0,0,0
USR_INF_07,2026-05-05,1,0,2,0,0,0
USR_INF_07,2026-05-06,2,0,3,0,0,1
USR_INF_07,2026-05-07,4,0,11,0,0,8
USR_INF_07,2026-05-08,3,0,4,0,0,8
USR_INF_07,2026-05-09,5,0,10,0,5,10
USR_INF_07,2026-05-10,2,0,5,0,2,8
USR_INF_07,2026-05-11,3,0,6,0,0,9
USR_INF_07,2026-05-12,2,0,4,0,0,2
USR_INF_07,2026-05-13,4,0,460,1,0,16
USR_INF_07,2026-05-14,4,0,4,0,0,6
USR_INF_07,2026-05-15,5,0,11,0,0,14
USR_INF_07,2026-05-16,3,0,4,0,3,6
USR_INF_07,2026-05-17,5,0,8,0,5,13
USR_INF_07,2026-05-18,6,0,11,0,0,7
USR_INF_07,2026-05-19,4,0,292,0,0,8
USR_INF_07,2026-05-20,4,0,6,0,0,10
USR_INF_07,2026-05-21,6,0,12,0,0,12
USR_INF_07,2026-05-22,2,0,4,0,0,1
USR_INF_07,2026-05-23,4,0,6,0,4,6
USR_INF_07,2026-05-24,5,0,12,0,5,11
USR_INF_07,2026-05-25,2,0,248,0,0,4
USR_INF_07,2026-05-26,4,0,4,0,0,8
USR_INF_07,2026-05-27,4,0,9,0,0,10
USR_INF_07,2026-05-28,5,0,12,0,0,10
USR_INF_07,2026-05-29,4,0,11,1,0,18
USR_INF_08,2026-04-15,3,0,3,0,0,2
USR_INF_08,2026-04-16,7,1,12,0,0,14
USR_INF_08,2026-04-17,2,0,3,0,0,2
USR_INF_08,2026-04-18,2,0,4,0,2,14
USR_INF_08,2026-04-19,4,0,10,0,4,5
USR_INF_08,2026-04-20,5,0,12,0,0,8
USR_INF_08,2026-04-21,5,1,32,0,0,13
USR_INF_08,2026-04-22,6,0,15,0,0,11
USR_INF_08,2026-04-23,2,0,6,0,0,8
USR_INF_08,2026-04-24,4,0,6,0,0,9
USR_INF_08,2026-04-25,2,0,2,0,2,7
USR_INF_08,2026-04-26,7,0,480,1,7,14
USR_INF_08,2026-04-27,3,0,8,0,0,5
USR_INF_08,2026-04-28,1,0,3,0,0,0
USR_INF_08,2026-04-29,3,0,8,1,0,17
USR_INF_08,2026-04-30,3,0,5,0,0,3
USR_INF_08,2026-05-01,1,0,3,0,0,0
USR_INF_08,2026-05-02,1,0,2,0,1,0
USR_INF_08,2026-05-04,5,0,469,0,0,15
USR_INF_08,2026-05-05,6,1,285,0,0,11
USR_INF_08,2026-05-06,6,0,14,0,0,14
USR_INF_08,2026-05-07,3,1,24,0,0,11
USR_INF_08,2026-05-08,3,0,6,0,0,10
USR_INF_08,2026-05-09,1,0,2,0,1,0
USR_INF_08,2026-05-10,3,0,4,0,3,10
USR_INF_08,2026-05-11,4,0,8,0,0,13
USR_INF_08,2026-05-12,4,0,9,0,0,4
USR_INF_08,2026-05-13,5,1,8,0,0,11
USR_INF_08,2026-05-14,4,0,9,0,0,11
USR_INF_08,2026-05-15,4,1,28,0,0,11
USR_INF_08,2026-05-16,8,0,17,0,8,12
USR_INF_08,2026-05-17,3,0,262,0,3,7
USR_INF_08,2026-05-18,1,0,3,0,0,0
USR_INF_08,2026-05-19,6,1,29,1,0,14
USR_INF_08,2026-05-20,2,0,4,0,0,10
USR_INF_08,2026-05-21,4,0,11,0,0,10
USR_INF_08,2026-05-22,2,0,4,0,0,4
USR_INF_08,2026-05-23,3,0,3,0,3,2
USR_INF_08,2026-05-24,3,0,5,0,3,6
USR_INF_08,2026-05-25,3,0,7,0,0,6
USR_INF_08,2026-05-26,6,1,13,1,0,19
USR_INF_08,2026-05-27,6,0,12,0,0,15
USR_INF_08,2026-05-28,4,0,5,0,0,11
USR_INF_08,2026-05-29,3,1,6,0,0,13
USR_INF_09,2026-04-15,1,0,2,0,0,0
USR_INF_09,2026-04-16,2,0,4,1,0,6
USR_INF_09,2026-04-18,2,0,4,0,2,4
USR_INF_09,2026-04-19,3,0,5,0,3,7
USR_INF_09,2026-04-20,4,0,8,0,0,13
USR_INF_09,2026-04-21,4,0,8,1,0,13
USR_INF_09,2026-04-22,2,0,4,0,0,3
USR_INF_09,2026-04-23,5,1,24,0,0,7
USR_INF_09,2026-04-24,6,1,20,0,0,12
USR_INF_09,2026-04-25,1,0,3,0,1,0
USR_INF_09,2026-04-26,4,0,7,0,4,13
USR_INF_09,2026-04-27,3,1,17,0,0,3
USR_INF_09,2026-04-28,3,0,8,1,0,13
USR_INF_09,2026-04-29,4,2,425,0,0,7
USR_INF_09,2026-04-30,3,0,6,0,0,7
USR_INF_09,2026-05-01,3,0,310,0,0,8
USR_INF_09,2026-05-02,3,0,6,0,3,9
USR_INF_09,2026-05-03,2,0,4,0,2,2
USR_INF_09,2026-05-04,3,0,7,0,0,5
USR_INF_09,2026-05-05,1,0,2,0,0,0
USR_INF_09,2026-05-06,2,0,4,0,0,11
USR_INF_09,2026-05-07,5,0,8,0,0,9
USR_INF_09,2026-05-08,3,0,6,0,0,8
USR_INF_09,2026-05-09,3,0,6,0,3,12
USR_INF_09,2026-05-10,1,0,2,0,1,0
USR_INF_09,2026-05-11,4,0,6,0,0,12
USR_INF_09,2026-05-12,4,1,35,0,0,15
USR_INF_09,2026-05-13,7,2,33,0,0,15
USR_INF_09,2026-05-14,4,0,5,0,0,11
USR_INF_09,2026-05-15,2,1,29,0,0,2
USR_INF_09,2026-05-16,3,1,16,0,3,1
USR_INF_09,2026-05-17,1,0,2,0,1,0
USR_INF_09,2026-05-18,3,0,5,0,0,13
USR_INF_09,2026-05-19,2,0,6,1,0,12
USR_INF_09,2026-05-20,2,0,4,0,0,2
USR_INF_09,2026-05-21,2,0,5,0,0,2
USR_INF_09,2026-05-22,2,0,5,0,0,11
USR_INF_09,2026-05-23,6,0,14,0,6,11
USR_INF_09,2026-05-24,2,1,22,0,2,1
USR_INF_09,2026-05-25,4,0,12,0,0,12
USR_INF_09,2026-05-26,3,0,6,0,0,4
USR_INF_09,2026-05-27,9,1,15,0,0,13
USR_INF_09,2026-05-28,1,0,1,0,0,0
USR_INF_09,2026-05-29,4,0,336,0,0,5
USR_INF_10,2026-04-16,4,1,32,0,0,6
USR_INF_10,2026-04-17,6,0,15,1,0,16
USR_INF_10,2026-04-18,3,1,27,0,3,8
USR_INF_10,2026-04-19,2,0,4,0,2,3
USR_INF_10,2026-04-20,2,0,6,0,0,3
USR_INF_10,2026-04-21,5,0,10,0,0,12
USR_INF_10,2026-04-22,1,0,3,0,0,0
USR_INF_10,2026-04-23,4,0,6,0,0,5
USR_INF_10,2026-04-24,4,0,9,0,0,6
USR_INF_10,2026-04-25,2,0,4,0,2,6
USR_INF_10,2026-04-26,1,0,3,0,1,0
USR_INF_10,2026-04-27,1,0,3,0,0,0
USR_INF_10,2026-04-28,5,2,8,0,0,8
USR_INF_10,2026-04-29,3,0,6,0,0,4
USR_INF_10,2026-04-30,2,0,3,0,0,6
USR_INF_10,2026-05-01,2,0,2,0,0,0
USR_INF_10,2026-05-02,3,0,4,0,3,7
USR_INF_10,2026-05-03,4,0,5,0,4,8
USR_INF_10,2026-05-04,6,0,9,0,0,7
USR_INF_10,2026-05-05,4,0,6,0,0,11
USR_INF_10,2026-05-06,5,0,13,1,0,14
USR_INF_10,2026-05-07,2,0,4,0,0,2
USR_INF_10,2026-05-08,1,0,1,0,0,0
USR_INF_10,2026-05-09,5,0,13,0,5,13
USR_INF_10,2026-05-10,2,0,2,0,2,10
USR_INF_10,2026-05-11,3,0,6,0,0,7
USR_INF_10,2026-05-12,3,0,9,0,0,10
USR_INF_10,2026-05-13,2,0,5,0,0,7
USR_INF_10,2026-05-14,2,0,2,0,0,3
USR_INF_10,2026-05-15,5,0,9,0,0,12
USR_INF_10,2026-05-16,9,1,15,0,9,13
USR_INF_10,2026-05-17,3,0,8,0,3,3
USR_INF_10,2026-05-18,3,0,6,0,0,10
USR_INF_10,2026-05-19,4,0,11,0,0,12
USR_INF_10,2026-05-20,4,0,337,0,0,8
USR_INF_10,2026-05-21,3,0,6,0,0,12
USR_INF_10,2026-05-22,7,0,13,0,0,11
USR_INF_10,2026-05-23,3,0,6,0,3,13
USR_INF_10,2026-05-24,3,0,7,0,3,7
USR_INF_10,2026-05-25,3,0,5,0,0,8
USR_INF_10,2026-05-26,3,0,6,0,0,9
USR_INF_10,2026-05-27,7,1,29,1,0,14
USR_INF_10,2026-05-28,6,0,15,0,0,14
USR_INF_10,2026-05-29,1,0,2,0,0,0
USR_INF_11,2026-04-15,3,0,4,0,0,5
USR_INF_11,2026-04-16,1,0,1,0,0,0
USR_INF_11,2026-04-17,4,0,8,0,0,3
USR_INF_11,2026-04-18,3,1,7,0,3,8
USR_INF_11,2026-04-19,7,0,15,1,7,19
USR_INF_11,2026-04-20,3,0,6,0,0,8
USR_INF_11,2026-04-22,2,0,3,0,0,3
USR_INF_11,2026-04-23,6,1,23,0,0,10
USR_INF_11,2026-04-24,3,0,6,0,0,2
USR_INF_11,2026-04-25,1,0,3,0,1,0
USR_INF_11,2026-04-26,2,0,3,0,2,6
USR_INF_11,2026-04-27,5,0,8,0,0,12
USR_INF_11,2026-04-28,1,0,3,0,0,0
USR_INF_11,2026-04-29,6,0,375,1,0,15
USR_INF_11,2026-04-30,1,0,3,0,0,0
USR_INF_11,2026-05-01,3,0,6,0,0,11
USR_INF_11,2026-05-02,3,0,5,0,3,5
USR_INF_11,2026-05-03,3,0,7,0,3,9
USR_INF_11,2026-05-04,2,0,2,1,0,8
USR_INF_11,2026-05-05,7,0,273,0,0,9
USR_INF_11,2026-05-06,4,0,7,0,0,7
USR_INF_11,2026-05-07,2,0,6,0,0,5
USR_INF_11,2026-05-08,6,0,11,0,0,11
USR_INF_11,2026-05-09,4,0,5,0,4,13
USR_INF_11,2026-05-10,2,0,4,0,2,15
USR_INF_11,2026-05-11,1,0,1,0,0,0
USR_INF_11,2026-05-12,4,0,6,0,0,5
USR_INF_11,2026-05-13,5,0,13,1,0,12
USR_INF_11,2026-05-14,3,0,5,0,0,6
USR_INF_11,2026-05-15,5,1,30,0,0,12
USR_INF_11,2026-05-16,2,0,2,0,2,2
USR_INF_11,2026-05-17,6,1,37,0,6,6
USR_INF_11,2026-05-18,4,0,10,1,0,17
USR_INF_11,2026-05-19,4,0,11,0,0,14
USR_INF_11,2026-05-20,5,0,12,0,0,15
USR_INF_11,2026-05-21,2,0,3,1,0,4
USR_INF_11,2026-05-22,9,1,16,0,0,14
USR_INF_11,2026-05-23,3,0,7,0,3,12
USR_INF_11,2026-05-24,5,0,446,0,5,13
USR_INF_11,2026-05-25,3,0,9,0,0,5
USR_INF_11,2026-05-26,2,0,4,0,0,3
USR_INF_11,2026-05-27,5,0,8,0,0,11
USR_INF_11,2026-05-28,6,1,31,1,0,14
USR_INF_11,2026-05-29,3,0,6,0,0,13
USR_INF_12,2026-04-15,1,0,1,0,0,0
USR_INF_12,2026-04-16,4,0,6,0,0,12
USR_INF_12,2026-04-17,4,0,5,0,0,10
USR_INF_12,2026-04-18,2,0,4,0,2,11
USR_INF_12,2026-04-19,4,0,12,0,4,10
USR_INF_12,2026-04-20,5,1,232,1,0,19
USR_INF_12,2026-04-21,4,1,8,0,0,5
USR_INF_12,2026-04-22,2,0,4,0,0,1
USR_INF_12,2026-04-23,3,0,5,0,0,9
USR_INF_12,2026-04-24,4,1,8,0,0,5
USR_INF_12,2026-04-25,4,0,8,0,4,8
USR_INF_12,2026-04-26,5,0,11,0,5,9
USR_INF_12,2026-04-27,3,0,5,0,0,9
USR_INF_12,2026-04-28,2,0,5,0,0,11
USR_INF_12,2026-04-29,5,0,8,0,0,12
USR_INF_12,2026-04-30,5,0,11,1,0,19
USR_INF_12,2026-05-01,3,1,23,1,0,13
USR_INF_12,2026-05-02,1,0,3,0,1,0
USR_INF_12,2026-05-03,1,0,3,0,1,0
USR_INF_12,2026-05-04,6,0,15,0,0,9
USR_INF_12,2026-05-06,4,0,9,0,0,14
USR_INF_12,2026-05-07,9,1,30,1,0,17
USR_INF_12,2026-05-08,3,1,26,0,0,6
USR_INF_12,2026-05-09,1,0,3,0,1,0
USR_INF_12,2026-05-10,7,1,12,1,7,15
USR_INF_12,2026-05-11,4,0,10,0,0,10
USR_INF_12,2026-05-12,4,0,11,0,0,11
USR_INF_12,2026-05-13,2,0,382,0,0,8
USR_INF_12,2026-05-14,3,0,5,0,0,10
USR_INF_12,2026-05-15,2,0,6,0,0,0
USR_INF_12,2026-05-16,2,0,3,0,2,8
USR_INF_12,2026-05-17,6,0,11,0,6,11
USR_INF_12,2026-05-18,3,0,5,1,0,14
USR_INF_12,2026-05-19,3,0,6,0,0,4
USR_INF_12,2026-05-20,6,2,20,0,0,11
USR_INF_12,2026-05-21,3,0,7,0,0,3
USR_INF_12,2026-05-22,3,0,3,0,0,9
USR_INF_12,2026-05-23,4,0,7,0,4,13
USR_INF_12,2026-05-24,1,0,1,0,1,0
USR_INF_12,2026-05-25,5,0,13,0,0,11
USR_INF_12,2026-05-26,3,0,6,0,0,4
USR_INF_12,2026-05-27,8,0,662,0,0,12
USR_INF_12,2026-05-28,1,0,3,0,0,0
USR_INF_12,2026-05-29,2,0,2,1,0,16
USR_INF_13,2026-04-15,1,0,1,0,0,0
USR_INF_13,2026-04-17,5,0,9,0,0,14
USR_INF_13,2026-04-18,6,0,247,2,6,11
USR_INF_13,2026-04-19,3,0,8,0,3,13
USR_INF_13,2026-04-20,2,0,4,0,0,10
USR_INF_13,2026-04-21,5,0,11,0,0,13
USR_INF_13,2026-04-22,5,0,12,0,0,11
USR_INF_13,2026-04-23,5,2,37,0,0,9
USR_INF_13,2026-04-24,6,0,14,0,0,12
USR_INF_13,2026-04-25,4,0,6,0,4,4
USR_INF_13,2026-04-26,3,0,5,0,3,8
USR_INF_13,2026-04-27,4,0,6,0,0,13
USR_INF_13,2026-04-28,10,0,20,0,0,15
USR_INF_13,2026-04-29,3,0,5,0,0,6
USR_INF_13,2026-04-30,5,0,12,0,0,13
USR_INF_13,2026-05-01,3,0,6,0,0,12
USR_INF_13,2026-05-02,3,0,6,0,3,7
USR_INF_13,2026-05-03,5,0,9,0,5,12
USR_INF_13,2026-05-04,3,0,6,0,0,11
USR_INF_13,2026-05-05,4,0,12,0,0,14
USR_INF_13,2026-05-06,1,0,3,0,0,0
USR_INF_13,2026-05-07,3,0,7,1,0,13
USR_INF_13,2026-05-08,2,0,6,0,0,11
USR_INF_13,2026-05-09,4,0,8,0,4,10
USR_INF_13,2026-05-10,4,1,9,1,4,15
USR_INF_13,2026-05-11,2,0,2,0,0,2
USR_INF_13,2026-05-12,5,0,7,0,0,12
USR_INF_13,2026-05-13,4,0,8,0,0,4
USR_INF_13,2026-05-14,4,0,8,0,0,7
USR_INF_13,2026-05-15,3,0,6,0,0,14
USR_INF_13,2026-05-16,3,0,5,0,3,9
USR_INF_13,2026-05-17,1,0,3,0,1,0
USR_INF_13,2026-05-18,3,0,7,0,0,7
USR_INF_13,2026-05-19,4,1,9,0,0,12
USR_INF_13,2026-05-20,7,0,17,1,0,16
USR_INF_13,2026-05-21,3,0,6,0,0,1
USR_INF_13,2026-05-22,4,0,7,0,0,9
USR_INF_13,2026-05-23,1,0,2,0,1,0
USR_INF_13,2026-05-24,1,0,3,0,1,0
USR_INF_13,2026-05-25,6,1,37,0,0,11
USR_INF_13,2026-05-26,4,0,6,0,0,12
USR_INF_13,2026-05-27,7,0,12,0,0,11
USR_INF_13,2026-05-29,3,0,5,0,0,3
USR_INF_14,2026-04-15,5,0,11,0,0,9
USR_INF_14,2026-04-16,3,0,11,1,0,19
USR_INF_14,2026-04-17,6,1,17,0,0,11
USR_INF_14,2026-04-18,2,0,5,0,2,6
USR_INF_14,2026-04-19,4,0,8,0,4,12
USR_INF_14,2026-04-20,2,0,3,0,0,4
USR_INF_14,2026-04-21,3,0,304,0,0,5
USR_INF_14,2026-04-22,6,0,8,1,0,18
USR_INF_14,2026-04-23,3,1,26,0,0,7
USR_INF_14,2026-04-24,2,0,3,0,0,2
USR_INF_14,2026-04-25,4,0,11,1,4,6
USR_INF_14,2026-04-26,2,0,4,0,2,1
USR_INF_14,2026-04-27,3,0,5,0,0,8
USR_INF_14,2026-04-28,3,0,6,0,0,9
USR_INF_14,2026-04-29,2,0,422,0,0,5
USR_INF_14,2026-04-30,3,0,412,0,0,2
USR_INF_14,2026-05-01,3,1,8,0,0,10
USR_INF_14,2026-05-02,5,0,10,0,5,14
USR_INF_14,2026-05-03,2,0,5,0,2,14
USR_INF_14,2026-05-04,5,0,393,0,0,13
USR_INF_14,2026-05-05,3,0,5,0,0,8
USR_INF_14,2026-05-06,3,0,7,0,0,3
USR_INF_14,2026-05-07,6,0,17,1,0,16
USR_INF_14,2026-05-08,4,0,9,0,0,6
USR_INF_14,2026-05-09,2,0,5,0,2,11
USR_INF_14,2026-05-10,3,0,6,0,3,10
USR_INF_14,2026-05-11,4,1,31,0,0,8
USR_INF_14,2026-05-12,4,0,12,1,0,16
USR_INF_14,2026-05-13,3,0,6,1,0,15
USR_INF_14,2026-05-14,3,0,6,0,0,8
USR_INF_14,2026-05-15,4,0,8,0,0,9
USR_INF_14,2026-05-16,5,0,10,0,5,5
USR_INF_14,2026-05-17,5,0,9,0,5,9
USR_INF_14,2026-05-18,1,0,2,0,0,0
USR_INF_14,2026-05-19,5,1,28,0,0,8
USR_INF_14,2026-05-20,2,0,326,0,0,6
USR_INF_14,2026-05-21,4,0,8,0,0,10
USR_INF_14,2026-05-22,3,0,5,0,0,4
USR_INF_14,2026-05-23,3,0,7,0,3,12
USR_INF_14,2026-05-24,3,0,5,0,3,2
USR_INF_14,2026-05-25,1,0,3,0,0,0
USR_INF_14,2026-05-26,4,1,21,0,0,6
USR_INF_14,2026-05-27,5,0,11,0,0,10
USR_INF_14,2026-05-28,4,0,363,0,0,8
USR_INF_14,2026-05-29,4,0,8,2,0,11
USR_INF_15,2026-04-15,6,0,367,0,0,10
USR_INF_15,2026-04-16,2,1,24,0,0,3
USR_INF_15,2026-04-17,3,0,9,0,0,7
USR_INF_15,2026-04-18,4,0,282,0,4,9
USR_INF_15,2026-04-19,2,0,4,0,2,9
USR_INF_15,2026-04-20,2,1,25,0,0,5
USR_INF_15,2026-04-21,6,0,10,0,0,12
USR_INF_15,2026-04-22,3,0,6,0,0,10
USR_INF_15,2026-04-23,5,0,10,0,0,13
USR_INF_15,2026-04-24,2,0,4,0,0,4
USR_INF_15,2026-04-25,5,0,13,0,5,12
USR_INF_15,2026-04-26,2,0,4,0,2,6
USR_INF_15,2026-04-27,1,0,2,0,0,0
USR_INF_15,2026-04-28,4,1,26,0,0,8
USR_INF_15,2026-04-29,4,0,8,0,0,9
USR_INF_15,2026-04-30,6,0,14,0,0,14
USR_INF_15,2026-05-01,5,2,23,0,0,9
USR_INF_15,2026-05-02,9,1,20,0,9,14
USR_INF_15,2026-05-03,5,0,408,0,5,9
USR_INF_15,2026-05-04,3,0,8,0,0,13
USR_INF_15,2026-05-05,2,0,4,0,0,7
USR_INF_15,2026-05-06,3,0,5,0,0,11
USR_INF_15,2026-05-07,4,0,10,0,0,4
USR_INF_15,2026-05-08,4,0,9,0,0,12
USR_INF_15,2026-05-09,3,0,6,0,3,12
USR_INF_15,2026-05-10,2,0,4,0,2,3
USR_INF_15,2026-05-11,2,0,2,0,0,1
USR_INF_15,2026-05-12,2,0,5,0,0,2
USR_INF_15,2026-05-13,5,0,8,0,0,9
USR_INF_15,2026-05-14,5,0,469,0,0,12
USR_INF_15,2026-05-15,2,0,4,0,0,10
USR_INF_15,2026-05-16,5,0,12,0,5,13
USR_INF_15,2026-05-17,6,0,10,0,6,12
USR_INF_15,2026-05-18,3,0,4,0,0,11
USR_INF_15,2026-05-19,4,0,8,0,0,12
USR_INF_15,2026-05-20,3,0,8,0,0,8
USR_INF_15,2026-05-21,6,1,37,0,0,15
USR_INF_15,2026-05-22,2,0,3,0,0,13
USR_INF_15,2026-05-23,6,0,11,0,6,9
USR_INF_15,2026-05-24,7,0,264,1,7,19
USR_INF_15,2026-05-25,3,0,5,0,0,6
USR_INF_15,2026-05-26,6,0,448,0,0,13
USR_INF_15,2026-05-27,4,0,8,0,0,7
USR_INF_15,2026-05-28,3,0,9,0,0,6
USR_INF_15,2026-05-29,7,1,26,0,0,11
USR_INF_16,2026-04-15,2,0,5,0,0,3
USR_INF_16,2026-04-17,6,2,47,0,0,11
USR_INF_16,2026-04-18,5,0,337,1,5,14
USR_INF_16,2026-04-19,2,0,5,0,2,0
USR_INF_16,2026-04-20,6,0,13,0,0,14
USR_INF_16,2026-04-21,6,0,14,0,0,10
USR_INF_16,2026-04-22,2,0,6,0,0,4
USR_INF_16,2026-04-23,1,0,2,0,0,0
USR_INF_16,2026-04-24,3,0,5,0,0,7
USR_INF_16,2026-04-25,5,0,256,0,5,10
USR_INF_16,2026-04-26,3,0,218,0,3,14
USR_INF_16,2026-04-27,2,0,4,0,0,9
USR_INF_16,2026-04-28,5,0,7,0,0,8
USR_INF_16,2026-04-29,4,0,8,0,0,7
USR_INF_16,2026-04-30,3,0,5,0,0,8
USR_INF_16,2026-05-01,4,0,6,0,0,11
USR_INF_16,2026-05-02,4,0,10,0,4,7
USR_INF_16,2026-05-04,3,0,4,0,0,1
USR_INF_16,2026-05-05,5,0,12,0,0,6
USR_INF_16,2026-05-06,6,0,12,0,0,15
USR_INF_16,2026-05-07,3,0,9,0,0,7
USR_INF_16,2026-05-08,8,1,11,1,0,19
USR_INF_16,2026-05-09,4,2,9,0,4,5
USR_INF_16,2026-05-10,3,0,6,0,3,12
USR_INF_16,2026-05-11,5,0,7,0,0,9
USR_INF_16,2026-05-12,7,0,13,0,0,14
USR_INF_16,2026-05-13,4,0,6,0,0,3
USR_INF_16,2026-05-14,3,0,5,0,0,2
USR_INF_16,2026-05-15,1,0,3,0,0,0
USR_INF_16,2026-05-16,5,0,12,0,5,9
USR_INF_16,2026-05-17,3,0,7,0,3,12
USR_INF_16,2026-05-18,6,0,14,0,0,14
USR_INF_16,2026-05-19,6,0,12,0,0,11
USR_INF_16,2026-05-20,1,0,3,0,0,0
USR_INF_16,2026-05-21,2,0,5,0,0,2
USR_INF_16,2026-05-22,6,0,11,0,0,12
USR_INF_16,2026-05-23,4,0,7,0,4,3
USR_INF_16,2026-05-24,7,0,13,0,7,10
USR_INF_16,2026-05-25,2,0,2,0,0,10
USR_INF_16,2026-05-26,4,1,33,0,0,14
USR_INF_16,2026-05-27,3,0,442,0,0,3
USR_INF_16,2026-05-28,7,1,27,0,0,11
USR_INF_16,2026-05-29,4,0,8,1,0,18
USR_INF_17,2026-04-16,6,0,12,0,0,13
USR_INF_17,2026-04-17,5,0,9,0,0,12
USR_INF_17,2026-04-18,1,1,18,0,1,0
USR_INF_17,2026-04-19,7,0,457,1,7,14
USR_INF_17,2026-04-20,2,0,5,0,0,6
USR_INF_17,2026-04-21,5,0,11,0,0,11
USR_INF_17,2026-04-22,2,0,4,0,0,13
USR_INF_17,2026-04-23,4,0,9,0,0,6
USR_INF_17,2026-04-24,2,1,5,0,0,4
USR_INF_17,2026-04-25,2,0,2,0,2,11
USR_INF_17,2026-04-26,5,0,10,0,5,13
USR_INF_17,2026-04-27,4,0,9,0,0,15
USR_INF_17,2026-04-28,2,0,5,0,0,3
USR_INF_17,2026-04-29,4,0,6,0,0,5
USR_INF_17,2026-04-30,2,0,5,1,0,18
USR_INF_17,2026-05-01,3,0,7,0,0,2
USR_INF_17,2026-05-02,5,0,9,0,5,8
USR_INF_17,2026-05-03,2,0,6,0,2,6
USR_INF_17,2026-05-04,2,0,4,0,0,10
USR_INF_17,2026-05-05,8,0,17,0,0,15
USR_INF_17,2026-05-06,5,0,296,0,0,10
USR_INF_17,2026-05-07,4,1,32,0,0,7
USR_INF_17,2026-05-08,3,0,4,0,0,8
USR_INF_17,2026-05-09,3,0,6,0,3,10
USR_INF_17,2026-05-10,2,0,4,0,2,2
USR_INF_17,2026-05-11,7,1,34,1,0,19
USR_INF_17,2026-05-12,5,1,37,0,0,11
USR_INF_17,2026-05-13,4,0,248,0,0,12
USR_INF_17,2026-05-14,2,0,6,0,0,0
USR_INF_17,2026-05-15,4,0,6,0,0,10
USR_INF_17,2026-05-16,3,0,7,0,3,8
USR_INF_17,2026-05-17,4,0,8,0,4,10
USR_INF_17,2026-05-18,3,0,5,0,0,8
USR_INF_17,2026-05-19,4,0,7,0,0,8
USR_INF_17,2026-05-20,2,0,5,0,0,1
USR_INF_17,2026-05-21,2,0,4,0,0,3
USR_INF_17,2026-05-22,3,0,9,1,0,11
USR_INF_17,2026-05-23,3,1,29,0,3,8
USR_INF_17,2026-05-24,1,0,3,0,1,0
USR_INF_17,2026-05-25,3,0,8,0,0,5
USR_INF_17,2026-05-26,2,0,5,0,0,6
USR_INF_17,2026-05-27,4,0,8,0,0,10
USR_INF_17,2026-05-28,5,0,8,0,0,7
USR_INF_17,2026-05-29,3,0,6,0,0,7
USR_INF_18,2026-04-15,7,1,26,1,0,15
USR_INF_18,2026-04-16,8,0,394,0,0,11
USR_INF_18,2026-04-17,5,0,7,0,0,6
USR_INF_18,2026-04-18,6,0,12,0,6,11
USR_INF_18,2026-04-19,4,0,6,0,4,8
USR_INF_18,2026-04-20,2,0,2,0,0,8
USR_INF_18,2026-04-21,7,0,14,0,0,13
USR_INF_18,2026-04-22,1,0,1,0,0,0
USR_INF_18,2026-04-24,3,0,9,0,0,8
USR_INF_18,2026-04-25,6,0,12,0,6,10
USR_INF_18,2026-04-26,5,0,11,0,5,4
USR_INF_18,2026-04-27,1,0,3,0,0,0
USR_INF_18,2026-04-28,5,0,10,0,0,14
USR_INF_18,2026-04-29,4,0,10,0,0,14
USR_INF_18,2026-04-30,5,2,221,0,0,10
USR_INF_18,2026-05-01,7,0,16,0,0,10
USR_INF_18,2026-05-02,2,0,6,0,2,3
USR_INF_18,2026-05-03,2,0,2,0,2,11
USR_INF_18,2026-05-04,2,1,20,0,0,1
USR_INF_18,2026-05-05,2,0,6,0,0,0
USR_INF_18,2026-05-06,2,0,3,0,0,11
USR_INF_18,2026-05-07,4,0,7,0,0,13
USR_INF_18,2026-05-08,2,0,4,0,0,1
USR_INF_18,2026-05-09,5,0,15,1,5,16
USR_INF_18,2026-05-11,5,0,11,0,0,15
USR_INF_18,2026-05-12,5,0,13,0,0,15
USR_INF_18,2026-05-13,2,0,4,0,0,10
USR_INF_18,2026-05-14,2,0,4,0,0,14
USR_INF_18,2026-05-15,7,0,14,0,0,15
USR_INF_18,2026-05-16,4,0,5,0,4,14
USR_INF_18,2026-05-17,3,0,5,0,3,11
USR_INF_18,2026-05-18,5,0,9,0,0,9
USR_INF_18,2026-05-19,3,0,6,0,0,5
USR_INF_18,2026-05-20,1,0,1,0,0,0
USR_INF_18,2026-05-21,7,0,17,1,0,18
USR_INF_18,2026-05-22,2,0,5,0,0,1
USR_INF_18,2026-05-23,4,0,8,0,4,10
USR_INF_18,2026-05-24,3,0,8,0,3,7
USR_INF_18,2026-05-25,3,0,6,0,0,6
USR_INF_18,2026-05-26,3,0,6,1,0,14
USR_INF_18,2026-05-27,3,1,24,0,0,6
USR_INF_18,2026-05-28,3,0,4,0,0,9
USR_INF_19,2026-04-15,4,0,207,0,0,3
USR_INF_19,2026-04-16,8,1,263,0,0,13
USR_INF_19,2026-04-17,7,0,17,2,0,13
USR_INF_19,2026-04-18,5,0,7,0,5,9
USR_INF_19,2026-04-19,3,0,6,0,3,10
USR_INF_19,2026-04-20,6,1,424,0,0,7
USR_INF_19,2026-04-21,1,0,4,1,0,0
USR_INF_19,2026-04-22,4,0,8,0,0,5
USR_INF_19,2026-04-23,3,0,4,0,0,8
USR_INF_19,2026-04-24,2,0,2,0,0,0
USR_INF_19,2026-04-25,3,0,268,0,3,9
USR_INF_19,2026-04-26,5,0,10,0,5,8
USR_INF_19,2026-04-27,1,0,3,0,0,0
USR_INF_19,2026-04-28,5,0,11,0,0,4
USR_INF_19,2026-04-29,5,0,11,0,0,12
USR_INF_19,2026-04-30,2,0,2,0,0,0
USR_INF_19,2026-05-01,3,0,5,0,0,10
USR_INF_19,2026-05-02,3,0,6,0,3,14
USR_INF_19,2026-05-03,5,0,9,0,5,12
USR_INF_19,2026-05-04,5,0,11,0,0,14
USR_INF_19,2026-05-05,5,1,20,0,0,13
USR_INF_19,2026-05-06,1,0,2,0,0,0
USR_INF_19,2026-05-07,6,0,10,0,0,12
USR_INF_19,2026-05-08,4,0,6,0,0,10
USR_INF_19,2026-05-09,4,0,261,0,4,3
USR_INF_19,2026-05-10,4,0,7,0,4,12
USR_INF_19,2026-05-11,4,0,5,0,0,8
USR_INF_19,2026-05-12,5,0,493,0,0,11
USR_INF_19,2026-05-14,2,0,6,0,0,5
USR_INF_19,2026-05-15,3,0,350,0,0,8
USR_INF_19,2026-05-16,2,0,3,0,2,2
USR_INF_19,2026-05-17,5,0,7,0,5,13
USR_INF_19,2026-05-18,5,0,11,0,0,4
USR_INF_19,2026-05-19,3,0,6,0,0,13
USR_INF_19,2026-05-20,5,0,332,0,0,13
USR_INF_19,2026-05-21,2,0,4,0,0,9
USR_INF_19,2026-05-22,1,0,3,0,0,0
USR_INF_19,2026-05-23,2,0,3,0,2,3
USR_INF_19,2026-05-24,5,0,11,0,5,8
USR_INF_19,2026-05-26,2,0,5,0,0,11
USR_INF_19,2026-05-27,9,0,246,0,0,12
USR_INF_19,2026-05-28,3,1,29,0,0,6
USR_INF_19,2026-05-29,4,0,4,1,0,13
USR_INF_20,2026-04-15,5,0,9,0,0,7
USR_INF_20,2026-04-16,3,1,17,0,0,2
USR_INF_20,2026-04-17,1,0,1,0,0,0
USR_INF_20,2026-04-18,6,0,11,0,6,6
USR_INF_20,2026-04-19,3,0,4,0,3,12
USR_INF_20,2026-04-20,7,0,475,0,0,13
USR_INF_20,2026-04-21,5,0,10,1,0,17
USR_INF_20,2026-04-22,8,0,19,0,0,14
USR_INF_20,2026-04-23,2,0,6,0,0,1
USR_INF_20,2026-04-24,3,0,6,0,0,2
USR_INF_20,2026-04-25,3,0,5,0,3,4
USR_INF_20,2026-04-26,4,0,12,0,4,5
USR_INF_20,2026-04-27,3,0,8,1,0,18
USR_INF_20,2026-04-28,4,0,9,0,0,9
USR_INF_20,2026-04-29,5,1,34,0,0,3
USR_INF_20,2026-04-30,7,0,13,0,0,9
USR_INF_20,2026-05-01,6,0,10,0,0,9
USR_INF_20,2026-05-02,4,0,9,0,4,14
USR_INF_20,2026-05-03,7,0,15,0,7,14
USR_INF_20,2026-05-04,1,0,2,0,0,0
USR_INF_20,2026-05-05,1,0,1,0,0,0
USR_INF_20,2026-05-06,2,0,3,0,0,0
USR_INF_20,2026-05-07,4,0,11,0,0,4
USR_INF_20,2026-05-08,7,0,11,1,0,16
USR_INF_20,2026-05-09,2,0,4,0,2,7
USR_INF_20,2026-05-10,7,0,15,0,7,14
USR_INF_20,2026-05-11,7,0,17,0,0,5
USR_INF_20,2026-05-12,3,1,481,0,0,12
USR_INF_20,2026-05-13,3,1,22,0,0,11
USR_INF_20,2026-05-14,3,1,26,0,0,6
USR_INF_20,2026-05-15,1,0,3,0,0,0
USR_INF_20,2026-05-16,1,0,3,0,1,0
USR_INF_20,2026-05-17,4,0,10,0,4,9
USR_INF_20,2026-05-18,4,0,6,0,0,9
USR_INF_20,2026-05-19,5,0,8,0,0,13
USR_INF_20,2026-05-20,4,0,7,0,0,9
USR_INF_20,2026-05-21,4,0,9,0,0,12
USR_INF_20,2026-05-22,5,1,9,0,0,10
USR_INF_20,2026-05-23,4,0,8,0,4,3
USR_INF_20,2026-05-24,1,0,3,0,1,0
USR_INF_20,2026-05-25,3,1,6,0,0,6
USR_INF_20,2026-05-26,4,0,6,1,0,11
USR_INF_20,2026-05-27,3,0,314,0,0,11
USR_INF_20,2026-05-28,2,0,3,0,0,12
USR_INF_20,2026-05-29,4,0,223,0,0,15
USR_MED_01,2026-04-15,1,1,10,0,0,0
USR_MED_01,2026-04-16,1,0,3,0,0,0
USR_MED_01,2026-04-17,6,1,34,0,0,9
USR_MED_01,2026-04-18,4,0,11,0,4,10
USR_MED_01,2026-04-19,5,0,17,0,5,6
USR_MED_01,2026-04-20,3,0,3,0,0,7
USR_MED_01,2026-04-21,3,0,246,0,0,2
USR_MED_01,2026-04-22,2,0,5,0,0,2
USR_MED_01,2026-04-23,2,0,324,0,0,1
USR_MED_01,2026-04-24,7,1,14,0,0,8
USR_MED_01,2026-04-25,4,0,14,0,4,7
USR_MED_01,2026-04-26,3,0,6,0,3,5
USR_MED_01,2026-04-27,4,0,11,0,0,7
USR_MED_01,2026-04-28,3,0,8,0,0,2
USR_MED_01,2026-04-29,5,0,12,1,0,16
USR_MED_01,2026-04-30,2,0,6,1,0,5
USR_MED_01,2026-05-01,4,0,14,0,0,2
USR_MED_01,2026-05-02,2,1,5,0,2,2
USR_MED_01,2026-05-03,4,0,13,0,4,4
USR_MED_01,2026-05-04,4,1,13,0,0,5
USR_MED_01,2026-05-05,3,0,13,0,0,4
USR_MED_01,2026-05-06,2,0,2,0,0,2
USR_MED_01,2026-05-07,4,0,13,0,0,10
USR_MED_01,2026-05-08,8,0,30,2,0,17
USR_MED_01,2026-05-09,4,0,11,0,4,3
USR_MED_01,2026-05-10,4,0,10,0,4,4
USR_MED_01,2026-05-11,1,0,1,0,0,0
USR_MED_01,2026-05-12,9,1,43,1,0,17
USR_MED_01,2026-05-13,2,0,4,0,0,8
USR_MED_01,2026-05-14,4,0,8,0,0,5
USR_MED_01,2026-05-15,6,0,20,0,0,9
USR_MED_01,2026-05-16,5,0,433,0,5,7
USR_MED_01,2026-05-18,3,0,5,0,0,5
USR_MED_01,2026-05-19,1,0,5,0,0,0
USR_MED_01,2026-05-20,3,1,11,0,0,8
USR_MED_01,2026-05-21,2,0,4,0,0,4
USR_MED_01,2026-05-22,5,1,11,0,0,7
USR_MED_01,2026-05-23,6,0,21,0,6,10
USR_MED_01,2026-05-24,2,0,9,0,2,4
USR_MED_01,2026-05-25,4,0,19,1,0,18
USR_MED_01,2026-05-26,7,0,17,1,0,14
USR_MED_01,2026-05-27,8,0,25,0,0,10
USR_MED_01,2026-05-28,2,0,8,0,0,3
USR_MED_01,2026-05-29,1,0,1,0,0,0
USR_MED_02,2026-04-15,4,0,12,0,0,7
USR_MED_02,2026-04-16,2,0,358,0,0,1
USR_MED_02,2026-04-17,3,0,10,0,0,6
USR_MED_02,2026-04-18,2,0,4,0,2,0
USR_MED_02,2026-04-19,5,0,12,0,5,10
USR_MED_02,2026-04-20,1,0,5,0,0,0
USR_MED_02,2026-04-21,2,0,8,0,0,3
USR_MED_02,2026-04-22,5,1,285,0,0,7
USR_MED_02,2026-04-23,4,1,31,0,0,5
USR_MED_02,2026-04-24,3,0,7,1,0,15
USR_MED_02,2026-04-25,2,0,5,0,2,2
USR_MED_02,2026-04-26,6,1,27,0,6,10
USR_MED_02,2026-04-27,4,0,13,0,0,8
USR_MED_02,2026-04-28,4,0,16,0,0,8
USR_MED_02,2026-04-29,8,1,52,1,0,16
USR_MED_02,2026-04-30,4,0,10,0,0,4
USR_MED_02,2026-05-01,3,0,10,0,0,3
USR_MED_02,2026-05-02,2,0,8,0,2,5
USR_MED_02,2026-05-03,1,0,1,0,1,0
USR_MED_02,2026-05-04,7,0,22,0,0,11
USR_MED_02,2026-05-05,5,0,14,1,0,14
USR_MED_02,2026-05-07,2,0,5,0,0,5
USR_MED_02,2026-05-08,6,0,17,1,0,16
USR_MED_02,2026-05-09,2,0,6,0,2,3
USR_MED_02,2026-05-10,1,0,2,0,1,0
USR_MED_02,2026-05-11,4,0,14,1,0,16
USR_MED_02,2026-05-12,2,1,4,0,0,10
USR_MED_02,2026-05-13,5,0,10,1,0,17
USR_MED_02,2026-05-14,2,0,9,0,0,6
USR_MED_02,2026-05-15,3,0,11,1,0,18
USR_MED_02,2026-05-16,3,0,12,0,3,8
USR_MED_02,2026-05-17,6,1,30,0,6,7
USR_MED_02,2026-05-18,2,0,7,0,0,5
USR_MED_02,2026-05-19,5,0,12,1,0,17
USR_MED_02,2026-05-20,7,0,26,1,0,18
USR_MED_02,2026-05-21,6,0,15,0,0,9
USR_MED_02,2026-05-22,8,0,23,0,0,11
USR_MED_02,2026-05-23,5,0,17,0,5,6
USR_MED_02,2026-05-24,2,0,7,0,2,8
USR_MED_02,2026-05-25,4,0,15,0,0,9
USR_MED_02,2026-05-26,5,0,10,0,0,9
USR_MED_02,2026-05-27,5,0,10,1,0,14
USR_MED_02,2026-05-28,4,0,12,0,0,10
USR_MED_02,2026-05-29,5,0,18,0,0,11
USR_MED_03,2026-04-15,4,0,11,1,0,15
USR_MED_03,2026-04-16,3,0,11,0,0,4
USR_MED_03,2026-04-17,4,0,12,0,0,8
USR_MED_03,2026-04-18,5,2,57,0,5,7
USR_MED_03,2026-04-19,4,0,14,0,4,9
USR_MED_03,2026-04-20,1,0,3,0,0,0
USR_MED_03,2026-04-21,3,0,9,1,0,7
USR_MED_03,2026-04-22,6,0,22,1,0,16
USR_MED_03,2026-04-23,5,0,15,1,0,14
USR_MED_03,2026-04-24,6,0,15,0,0,7
USR_MED_03,2026-04-25,6,1,31,0,6,10
USR_MED_03,2026-04-26,5,1,32,0,5,9
USR_MED_03,2026-04-27,4,0,12,0,0,6
USR_MED_03,2026-04-28,5,0,18,0,0,9
USR_MED_03,2026-04-29,2,0,7,0,0,5
USR_MED_03,2026-04-30,3,1,7,0,0,6
USR_MED_03,2026-05-01,7,0,16,0,0,9
USR_MED_03,2026-05-02,2,0,9,0,2,10
USR_MED_03,2026-05-03,4,0,11,0,4,9
USR_MED_03,2026-05-04,5,0,17,0,0,10
USR_MED_03,2026-05-05,4,0,14,0,0,10
USR_MED_03,2026-05-06,3,0,8,0,0,2
USR_MED_03,2026-05-07,2,0,10,0,0,6
USR_MED_03,2026-05-08,2,0,2,0,0,5
USR_MED_03,2026-05-09,4,1,9,0,4,8
USR_MED_03,2026-05-10,2,0,5,0,2,5
USR_MED_03,2026-05-11,5,0,19,0,0,9
USR_MED_03,2026-05-12,4,0,426,0,0,9
USR_MED_03,2026-05-13,5,0,14,0,0,9
USR_MED_03,2026-05-14,2,0,8,0,0,0
USR_MED_03,2026-05-15,4,0,14,1,0,10
USR_MED_03,2026-05-16,2,0,5,0,2,7
USR_MED_03,2026-05-17,3,0,10,0,3,3
USR_MED_03,2026-05-18,7,0,329,0,0,10
USR_MED_03,2026-05-19,5,0,12,1,0,17
USR_MED_03,2026-05-20,4,0,17,0,0,7
USR_MED_03,2026-05-21,3,0,11,0,0,2
USR_MED_03,2026-05-22,5,0,19,0,0,7
USR_MED_03,2026-05-23,2,0,5,1,2,16
USR_MED_03,2026-05-24,2,0,7,0,2,2
USR_MED_03,2026-05-25,8,0,25,0,0,10
USR_MED_03,2026-05-27,5,0,12,0,0,9
USR_MED_03,2026-05-28,2,0,6,0,0,5
USR_MED_03,2026-05-29,5,0,14,0,0,4
USR_MED_04,2026-04-15,2,0,361,1,0,7
USR_MED_04,2026-04-16,6,0,22,0,0,9
USR_MED_04,2026-04-17,5,0,15,0,0,6
USR_MED_04,2026-04-18,3,0,10,0,3,2
USR_MED_04,2026-04-19,3,0,8,0,3,5
USR_MED_04,2026-04-20,2,0,6,0,0,5
USR_MED_04,2026-04-21,5,0,12,0,0,9
USR_MED_04,2026-04-22,4,0,18,0,0,11
USR_MED_04,2026-04-23,3,0,9,0,0,10
USR_MED_04,2026-04-25,3,0,8,0,3,5
USR_MED_04,2026-04-26,2,0,5,0,2,10
USR_MED_04,2026-04-27,2,1,17,1,0,12
USR_MED_04,2026-04-28,1,0,4,0,0,0
USR_MED_04,2026-04-29,6,0,20,0,0,7
USR_MED_04,2026-04-30,1,0,4,0,0,0
USR_MED_04,2026-05-01,4,0,15,0,0,3
USR_MED_04,2026-05-02,1,0,5,0,1,0
USR_MED_04,2026-05-03,2,0,9,0,2,8
USR_MED_04,2026-05-04,4,1,11,0,0,9
USR_MED_04,2026-05-05,10,1,493,0,0,10
USR_MED_04,2026-05-06,5,1,29,0,0,7
USR_MED_04,2026-05-07,5,0,14,1,0,17
USR_MED_04,2026-05-09,4,0,360,0,4,7
USR_MED_04,2026-05-10,3,0,12,0,3,6
USR_MED_04,2026-05-11,4,0,11,0,0,6
USR_MED_04,2026-05-12,2,0,4,1,0,15
USR_MED_04,2026-05-14,3,0,8,0,0,6
USR_MED_04,2026-05-15,6,0,21,0,0,10
USR_MED_04,2026-05-16,7,1,259,0,7,9
USR_MED_04,2026-05-17,2,1,21,0,2,1
USR_MED_04,2026-05-18,2,0,3,0,0,7
USR_MED_04,2026-05-19,3,0,502,0,0,5
USR_MED_04,2026-05-20,4,0,7,0,0,11
USR_MED_04,2026-05-21,2,0,209,1,0,15
USR_MED_04,2026-05-22,1,0,5,0,0,0
USR_MED_04,2026-05-23,1,0,5,0,1,0
USR_MED_04,2026-05-24,3,0,11,0,3,8
USR_MED_04,2026-05-25,3,0,4,0,0,4
USR_MED_04,2026-05-26,5,0,15,0,0,5
USR_MED_04,2026-05-27,1,0,3,0,0,0
USR_MED_04,2026-05-29,3,0,14,0,0,8
USR_MED_05,2026-04-15,3,0,8,0,0,7
USR_MED_05,2026-04-16,5,0,17,1,0,18
USR_MED_05,2026-04-17,7,1,22,0,0,7
USR_MED_05,2026-04-18,4,0,15,0,4,10
USR_MED_05,2026-04-19,3,0,7,0,3,6
USR_MED_05,2026-04-20,6,1,47,0,0,8
USR_MED_05,2026-04-21,5,0,13,0,0,5
USR_MED_05,2026-04-22,5,1,43,1,0,11
USR_MED_05,2026-04-23,4,0,14,0,0,7
USR_MED_05,2026-04-24,2,0,9,0,0,3
USR_MED_05,2026-04-25,4,0,16,0,4,11
USR_MED_05,2026-04-27,7,1,586,1,0,15
USR_MED_05,2026-04-28,10,0,447,0,0,11
USR_MED_05,2026-04-29,4,0,17,0,0,4
USR_MED_05,2026-04-30,4,0,13,0,0,7
USR_MED_05,2026-05-01,6,0,18,0,0,9
USR_MED_05,2026-05-02,6,1,44,0,6,6
USR_MED_05,2026-05-03,4,0,9,0,4,7
USR_MED_05,2026-05-04,2,0,9,0,0,3
USR_MED_05,2026-05-05,3,0,9,0,0,6
USR_MED_05,2026-05-06,2,0,4,0,0,1
USR_MED_05,2026-05-07,2,0,8,0,0,3
USR_MED_05,2026-05-08,4,0,17,0,0,10
USR_MED_05,2026-05-10,6,0,15,0,6,9
USR_MED_05,2026-05-11,6,0,21,0,0,6
USR_MED_05,2026-05-12,5,0,15,0,0,9
USR_MED_05,2026-05-13,6,0,16,0,0,9
USR_MED_05,2026-05-14,4,0,15,0,0,7
USR_MED_05,2026-05-15,7,0,17,0,0,10
USR_MED_05,2026-05-16,2,0,6,0,2,10
USR_MED_05,2026-05-17,7,0,24,0,7,8
USR_MED_05,2026-05-18,7,0,19,0,0,7
USR_MED_05,2026-05-19,6,0,19,0,0,9
USR_MED_05,2026-05-20,2,0,7,0,0,5
USR_MED_05,2026-05-21,1,0,3,0,0,0
USR_MED_05,2026-05-22,2,0,2,0,0,3
USR_MED_05,2026-05-23,1,0,3,0,1,0
USR_MED_05,2026-05-24,2,0,6,0,2,2
USR_MED_05,2026-05-25,4,0,11,0,0,5
USR_MED_05,2026-05-26,3,0,6,0,0,4
USR_MED_05,2026-05-27,3,0,9,0,0,3
USR_MED_05,2026-05-28,2,0,5,0,0,4
USR_MED_05,2026-05-29,3,0,9,0,0,3
USR_MED_06,2026-04-15,3,0,7,0,0,3
USR_MED_06,2026-04-16,6,0,21,0,0,8
USR_MED_06,2026-04-17,1,0,4,0,0,0
USR_MED_06,2026-04-18,3,0,9,0,3,3
USR_MED_06,2026-04-19,4,0,11,0,4,9
USR_MED_06,2026-04-20,3,0,8,0,0,8
USR_MED_06,2026-04-21,4,0,13,0,0,11
USR_MED_06,2026-04-22,9,0,24,0,0,10
USR_MED_06,2026-04-23,3,0,12,0,0,7
USR_MED_06,2026-04-24,6,0,18,1,0,18
USR_MED_06,2026-04-25,3,0,12,0,3,9
USR_MED_06,2026-04-26,3,1,11,0,3,6
USR_MED_06,2026-04-27,4,0,9,0,0,7
USR_MED_06,2026-04-28,3,0,9,0,0,5
USR_MED_06,2026-04-29,7,0,21,0,0,9
USR_MED_06,2026-04-30,6,0,18,0,0,7
USR_MED_06,2026-05-01,1,0,2,0,0,0
USR_MED_06,2026-05-02,4,0,9,1,4,15
USR_MED_06,2026-05-03,6,0,19,1,6,12
USR_MED_06,2026-05-04,3,0,11,0,0,9
USR_MED_06,2026-05-05,7,1,23,0,0,9
USR_MED_06,2026-05-06,6,0,25,0,0,11
USR_MED_06,2026-05-07,5,0,19,0,0,8
USR_MED_06,2026-05-08,4,0,10,0,0,4
USR_MED_06,2026-05-09,6,0,16,0,6,8
USR_MED_06,2026-05-10,2,0,8,0,2,1
USR_MED_06,2026-05-11,4,0,11,1,0,15
USR_MED_06,2026-05-12,5,0,17,0,0,6
USR_MED_06,2026-05-13,6,0,20,0,0,3
USR_MED_06,2026-05-14,4,0,10,0,0,5
USR_MED_06,2026-05-15,5,0,15,0,0,10
USR_MED_06,2026-05-16,4,0,6,0,4,11
USR_MED_06,2026-05-17,3,0,9,0,3,3
USR_MED_06,2026-05-18,3,0,13,0,0,1
USR_MED_06,2026-05-19,4,0,14,0,0,10
USR_MED_06,2026-05-20,2,1,21,0,0,9
USR_MED_06,2026-05-21,3,0,10,0,0,6
USR_MED_06,2026-05-22,3,0,7,0,0,8
USR_MED_06,2026-05-23,5,0,16,1,5,15
USR_MED_06,2026-05-24,4,1,10,0,4,8
USR_MED_06,2026-05-25,3,0,8,0,0,5
USR_MED_06,2026-05-26,2,0,7,0,0,7
USR_MED_06,2026-05-27,7,2,33,0,0,9
USR_MED_06,2026-05-28,2,0,3,0,0,0
USR_MED_06,2026-05-29,5,1,16,0,0,9
USR_MED_07,2026-04-15,2,0,2,1,0,14
USR_MED_07,2026-04-16,4,0,13,1,0,16
USR_MED_07,2026-04-17,4,0,358,0,0,2
USR_MED_07,2026-04-18,2,0,8,0,2,1
USR_MED_07,2026-04-19,2,0,9,0,2,1
USR_MED_07,2026-04-20,4,0,728,0,0,10
USR_MED_07,2026-04-21,5,0,16,0,0,10
USR_MED_07,2026-04-22,1,0,1,0,0,0
USR_MED_07,2026-04-23,3,0,13,0,0,4
USR_MED_07,2026-04-24,6,0,18,0,0,8
USR_MED_07,2026-04-25,7,1,44,0,7,10
USR_MED_07,2026-04-26,3,0,361,0,3,3
USR_MED_07,2026-04-27,2,0,6,0,0,1
USR_MED_07,2026-04-28,4,1,30,0,0,6
USR_MED_07,2026-04-29,1,0,1,0,0,0
USR_MED_07,2026-05-01,5,1,16,0,0,11
USR_MED_07,2026-05-02,4,0,12,0,4,2
USR_MED_07,2026-05-03,5,1,15,0,5,6
USR_MED_07,2026-05-04,5,0,15,0,0,11
USR_MED_07,2026-05-05,3,0,394,0,0,2
USR_MED_07,2026-05-06,3,0,4,1,0,15
USR_MED_07,2026-05-07,2,0,6,0,0,3
USR_MED_07,2026-05-08,5,0,327,0,0,6
USR_MED_07,2026-05-09,3,0,6,0,3,4
USR_MED_07,2026-05-10,4,0,414,0,4,5
USR_MED_07,2026-05-11,6,0,21,0,0,8
USR_MED_07,2026-05-12,4,0,17,0,0,9
USR_MED_07,2026-05-13,2,1,27,0,0,8
USR_MED_07,2026-05-14,4,1,31,0,0,8
USR_MED_07,2026-05-15,3,0,7,0,0,7
USR_MED_07,2026-05-16,5,0,297,0,5,5
USR_MED_07,2026-05-17,3,0,8,0,3,8
USR_MED_07,2026-05-18,5,0,8,0,0,6
USR_MED_07,2026-05-19,4,1,42,1,0,14
USR_MED_07,2026-05-20,2,0,10,0,0,4
USR_MED_07,2026-05-21,4,0,11,0,0,11
USR_MED_07,2026-05-22,4,0,397,0,0,4
USR_MED_07,2026-05-23,3,0,7,0,3,5
USR_MED_07,2026-05-24,5,0,16,0,5,2
USR_MED_07,2026-05-25,4,0,287,0,0,7
USR_MED_07,2026-05-26,4,1,21,0,0,8
USR_MED_07,2026-05-27,2,0,7,0,0,2
USR_MED_07,2026-05-28,3,0,11,0,0,8
USR_MED_07,2026-05-29,2,1,15,0,0,6
USR_MED_08,2026-04-15,2,0,6,0,0,2
USR_MED_08,2026-04-17,3,0,10,0,0,10
USR_MED_08,2026-04-18,4,1,28,0,4,5
USR_MED_08,2026-04-19,4,0,12,0,4,11
USR_MED_08,2026-04-20,5,0,17,0,0,10
USR_MED_08,2026-04-21,5,0,13,0,0,8
USR_MED_08,2026-04-22,4,0,10,0,0,6
USR_MED_08,2026-04-23,3,0,11,0,0,3
USR_MED_08,2026-04-24,2,0,9,0,0,7
USR_MED_08,2026-04-25,8,0,26,1,8,16
USR_MED_08,2026-04-26,1,0,4,0,1,0
USR_MED_08,2026-04-27,2,0,3,0,0,1
USR_MED_08,2026-04-28,4,0,14,0,0,8
USR_MED_08,2026-04-29,5,0,12,2,0,18
USR_MED_08,2026-04-30,8,3,67,0,0,8
USR_MED_08,2026-05-01,7,0,16,0,0,11
USR_MED_08,2026-05-02,3,0,12,0,3,6
USR_MED_08,2026-05-03,5,1,17,0,5,9
USR_MED_08,2026-05-04,5,0,17,0,0,11
USR_MED_08,2026-05-05,4,0,438,0,0,8
USR_MED_08,2026-05-06,1,0,1,0,0,0
USR_MED_08,2026-05-07,2,0,3,0,0,6
USR_MED_08,2026-05-08,3,0,13,0,0,4
USR_MED_08,2026-05-09,3,0,7,0,3,10
USR_MED_08,2026-05-10,3,0,8,0,3,3
USR_MED_08,2026-05-11,2,0,8,0,0,6
USR_MED_08,2026-05-12,3,0,13,0,0,4
USR_MED_08,2026-05-13,3,0,13,0,0,6
USR_MED_08,2026-05-14,7,0,371,0,0,10
USR_MED_08,2026-05-15,4,0,10,0,0,8
USR_MED_08,2026-05-16,7,0,20,1,7,15
USR_MED_08,2026-05-17,3,0,5,0,3,3
USR_MED_08,2026-05-18,6,0,19,0,0,5
USR_MED_08,2026-05-19,4,0,9,0,0,3
USR_MED_08,2026-05-20,3,0,8,0,0,6
USR_MED_08,2026-05-21,1,0,1,0,0,0
USR_MED_08,2026-05-22,5,0,12,0,0,5
USR_MED_08,2026-05-23,3,0,12,0,3,9
USR_MED_08,2026-05-24,6,0,24,0,6,7
USR_MED_08,2026-05-25,4,0,10,0,0,8
USR_MED_08,2026-05-26,5,0,446,0,0,10
USR_MED_08,2026-05-27,5,0,18,0,0,9
USR_MED_08,2026-05-28,4,0,12,0,0,10
USR_MED_08,2026-05-29,6,0,265,0,0,9
USR_MED_09,2026-04-15,2,0,6,0,0,1
USR_MED_09,2026-04-16,2,0,8,0,0,3
USR_MED_09,2026-04-17,2,1,29,0,0,7
USR_MED_09,2026-04-18,1,0,2,0,1,0
USR_MED_09,2026-04-19,3,1,20,0,3,7
USR_MED_09,2026-04-20,2,0,5,0,0,10
USR_MED_09,2026-04-21,1,0,5,0,0,0
USR_MED_09,2026-04-22,1,0,2,0,0,0
USR_MED_09,2026-04-23,3,0,8,0,0,9
USR_MED_09,2026-04-25,1,0,2,0,1,0
USR_MED_09,2026-04-26,6,1,24,0,6,9
USR_MED_09,2026-04-27,3,0,6,0,0,5
USR_MED_09,2026-04-28,4,2,27,0,0,11
USR_MED_09,2026-04-29,8,1,58,0,0,9
USR_MED_09,2026-04-30,11,1,56,0,0,9
USR_MED_09,2026-05-01,2,0,5,0,0,2
USR_MED_09,2026-05-02,4,0,13,0,4,6
USR_MED_09,2026-05-03,1,0,5,0,1,0
USR_MED_09,2026-05-04,5,0,15,0,0,6
USR_MED_09,2026-05-05,2,0,7,0,0,0
USR_MED_09,2026-05-06,8,0,21,0,0,8
USR_MED_09,2026-05-07,2,1,257,0,0,0
USR_MED_09,2026-05-09,4,0,6,0,4,10
USR_MED_09,2026-05-10,3,0,9,0,3,3
USR_MED_09,2026-05-11,3,0,6,0,0,3
USR_MED_09,2026-05-12,4,0,5,0,0,8
USR_MED_09,2026-05-13,2,0,7,0,0,5
USR_MED_09,2026-05-14,3,1,35,0,0,6
USR_MED_09,2026-05-15,7,0,10,0,0,11
USR_MED_09,2026-05-16,5,0,17,0,5,10
USR_MED_09,2026-05-17,5,0,11,0,5,8
USR_MED_09,2026-05-18,3,0,11,0,0,5
USR_MED_09,2026-05-19,2,0,5,0,0,4
USR_MED_09,2026-05-20,3,0,7,0,0,4
USR_MED_09,2026-05-21,5,0,12,0,0,10
USR_MED_09,2026-05-22,2,0,3,0,0,5
USR_MED_09,2026-05-23,5,0,9,0,5,6
USR_MED_09,2026-05-24,5,0,13,0,5,9
USR_MED_09,2026-05-25,1,0,1,0,0,0
USR_MED_09,2026-05-26,2,0,4,0,0,8
USR_MED_09,2026-05-27,5,1,24,0,0,10
USR_MED_09,2026-05-28,3,0,11,0,0,5
USR_MED_09,2026-05-29,4,1,21,0,0,10
USR_MED_10,2026-04-15,3,0,10,0,0,11
USR_MED_10,2026-04-16,4,0,8,0,0,9
USR_MED_10,2026-04-17,3,0,12,0,0,7
USR_MED_10,2026-04-18,7,0,14,0,7,11
USR_MED_10,2026-04-19,3,0,11,0,3,7
USR_MED_10,2026-04-20,2,0,7,0,0,5
USR_MED_10,2026-04-21,5,0,13,0,0,6
USR_MED_10,2026-04-22,6,0,306,1,0,17
USR_MED_10,2026-04-23,4,0,218,0,0,10
USR_MED_10,2026-04-24,4,0,13,0,0,7
USR_MED_10,2026-04-25,6,0,13,0,6,11
USR_MED_10,2026-04-26,7,0,17,0,7,9
USR_MED_10,2026-04-27,4,0,10,0,0,6
USR_MED_10,2026-04-28,2,0,7,0,0,4
USR_MED_10,2026-04-29,1,0,486,0,0,0
USR_MED_10,2026-04-30,3,0,7,0,0,7
USR_MED_10,2026-05-01,6,0,21,0,0,5
USR_MED_10,2026-05-02,4,0,13,0,4,11
USR_MED_10,2026-05-03,4,1,20,0,4,8
USR_MED_10,2026-05-04,10,1,265,2,0,14
USR_MED_10,2026-05-05,6,0,17,0,0,11
USR_MED_10,2026-05-06,6,0,16,0,0,7
USR_MED_10,2026-05-07,5,0,15,0,0,8
USR_MED_10,2026-05-08,1,0,4,0,0,0
USR_MED_10,2026-05-09,4,0,14,0,4,8
USR_MED_10,2026-05-10,2,0,10,0,2,1
USR_MED_10,2026-05-12,2,0,5,0,0,4
USR_MED_10,2026-05-13,3,0,11,0,0,9
USR_MED_10,2026-05-14,3,0,9,0,0,5
USR_MED_10,2026-05-15,3,0,10,0,0,6
USR_MED_10,2026-05-16,6,0,17,0,6,8
USR_MED_10,2026-05-17,1,0,3,0,1,0
USR_MED_10,2026-05-18,6,0,20,0,0,11
USR_MED_10,2026-05-19,6,1,13,0,0,7
USR_MED_10,2026-05-20,4,0,7,0,0,3
USR_MED_10,2026-05-21,8,0,21,0,0,6
USR_MED_10,2026-05-22,4,0,9,0,0,8
USR_MED_10,2026-05-24,5,0,18,0,5,4
USR_MED_10,2026-05-25,5,0,14,0,0,7
USR_MED_10,2026-05-26,4,1,11,0,0,7
USR_MED_10,2026-05-27,5,0,330,0,0,5
USR_MED_10,2026-05-28,7,1,15,0,0,10
USR_MED_10,2026-05-29,3,1,26,0,0,7
USR_MED_11,2026-04-15,1,0,2,0,0,0
USR_MED_11,2026-04-16,5,0,17,0,0,6
USR_MED_11,2026-04-17,2,0,5,0,0,0
USR_MED_11,2026-04-18,5,0,10,0,5,7
USR_MED_11,2026-04-19,2,0,3,0,2,6
USR_MED_11,2026-04-20,2,0,5,0,0,4
USR_MED_11,2026-04-21,7,0,18,0,0,11
USR_MED_11,2026-04-22,3,0,7,0,0,4
USR_MED_11,2026-04-23,4,0,341,0,0,9
USR_MED_11,2026-04-24,3,1,22,0,0,5
USR_MED_11,2026-04-25,3,0,8,0,3,3
USR_MED_11,2026-04-26,5,0,331,0,5,7
USR_MED_11,2026-04-27,5,0,15,0,0,10
USR_MED_11,2026-04-28,6,0,20,0,0,9
USR_MED_11,2026-04-29,7,0,26,0,0,4
USR_MED_11,2026-04-30,2,0,6,0,0,4
USR_MED_11,2026-05-01,3,0,8,0,0,5
USR_MED_11,2026-05-02,5,1,19,0,5,5
USR_MED_11,2026-05-03,3,0,13,0,3,3
USR_MED_11,2026-05-04,2,0,4,0,0,1
USR_MED_11,2026-05-05,4,0,12,0,0,9
USR_MED_11,2026-05-06,7,0,444,0,0,10
USR_MED_11,2026-05-07,4,0,9,0,0,8
USR_MED_11,2026-05-08,2,0,6,0,0,4
USR_MED_11,2026-05-09,5,0,16,0,5,6
USR_MED_11,2026-05-10,1,0,2,0,1,0
USR_MED_11,2026-05-11,5,0,20,0,0,6
USR_MED_11,2026-05-12,5,0,18,0,0,8
USR_MED_11,2026-05-13,1,0,4,0,0,0
USR_MED_11,2026-05-14,2,0,5,0,0,1
USR_MED_11,2026-05-16,1,0,2,0,1,0
USR_MED_11,2026-05-17,7,2,49,0,7,3
USR_MED_11,2026-05-18,5,0,15,1,0,18
USR_MED_11,2026-05-19,3,0,9,0,0,9
USR_MED_11,2026-05-20,2,0,4,0,0,6
USR_MED_11,2026-05-21,3,0,7,0,0,6
USR_MED_11,2026-05-22,4,0,285,0,0,7
USR_MED_11,2026-05-23,6,0,19,1,6,15
USR_MED_11,2026-05-24,1,0,2,0,1,0
USR_MED_11,2026-05-25,1,0,4,0,0,0
USR_MED_11,2026-05-26,2,0,6,0,0,4
USR_MED_11,2026-05-27,5,0,20,1,0,13
USR_MED_11,2026-05-28,3,0,6,0,0,8
USR_MED_11,2026-05-29,6,1,20,0,0,10
USR_MED_12,2026-04-15,1,1,4,0,0,0
USR_MED_12,2026-04-16,4,0,9,0,0,6
USR_MED_12,2026-04-17,10,0,24,1,0,17
USR_MED_12,2026-04-18,4,0,13,0,4,10
USR_MED_12,2026-04-19,1,0,5,0,1,0
USR_MED_12,2026-04-20,3,0,8,0,0,8
USR_MED_12,2026-04-22,1,0,1,0,0,0
USR_MED_12,2026-04-23,4,0,9,0,0,8
USR_MED_12,2026-04-24,2,0,7,0,0,4
USR_MED_12,2026-04-25,4,0,389,0,4,6
USR_MED_12,2026-04-26,4,0,11,0,4,7
USR_MED_12,2026-04-27,2,0,6,0,0,5
USR_MED_12,2026-04-28,4,0,355,0,0,9
USR_MED_12,2026-04-29,4,0,227,0,0,10
USR_MED_12,2026-04-30,4,0,14,0,0,7
USR_MED_12,2026-05-01,3,1,18,0,0,1
USR_MED_12,2026-05-02,4,0,8,0,4,6
USR_MED_12,2026-05-03,6,0,19,0,6,6
USR_MED_12,2026-05-04,2,0,7,0,0,1
USR_MED_12,2026-05-05,5,0,13,0,0,6
USR_MED_12,2026-05-06,1,0,2,0,0,0
USR_MED_12,2026-05-07,5,0,13,0,0,10
USR_MED_12,2026-05-08,2,1,16,0,0,0
USR_MED_12,2026-05-09,3,0,13,0,3,6
USR_MED_12,2026-05-10,5,0,17,0,5,4
USR_MED_12,2026-05-11,4,0,10,0,0,9
USR_MED_12,2026-05-12,2,0,6,0,0,3
USR_MED_12,2026-05-13,6,0,307,0,0,9
USR_MED_12,2026-05-14,1,0,1,0,0,0
USR_MED_12,2026-05-15,4,0,281,0,0,9
USR_MED_12,2026-05-16,4,0,17,0,4,8
USR_MED_12,2026-05-17,3,0,8,0,3,4
USR_MED_12,2026-05-18,2,0,6,1,0,17
USR_MED_12,2026-05-19,3,0,8,0,0,6
USR_MED_12,2026-05-20,2,0,2,0,0,2
USR_MED_12,2026-05-21,4,0,14,0,0,4
USR_MED_12,2026-05-22,3,0,12,0,0,2
USR_MED_12,2026-05-23,3,1,6,0,3,4
USR_MED_12,2026-05-24,4,0,245,0,4,8
USR_MED_12,2026-05-25,2,0,5,0,0,2
USR_MED_12,2026-05-26,2,0,2,0,0,2
USR_MED_12,2026-05-27,4,0,285,0,0,4
USR_MED_12,2026-05-28,8,0,379,0,0,5
USR_MED_12,2026-05-29,4,0,13,0,0,8
USR_MED_13,2026-04-15,4,1,11,0,0,6
USR_MED_13,2026-04-16,1,0,1,0,0,0
USR_MED_13,2026-04-17,4,0,10,0,0,7
USR_MED_13,2026-04-18,4,1,21,0,4,10
USR_MED_13,2026-04-19,7,0,22,0,7,11
USR_MED_13,2026-04-20,2,0,4,0,0,1
USR_MED_13,2026-04-21,3,0,11,0,0,5
USR_MED_13,2026-04-22,6,0,13,1,0,17
USR_MED_13,2026-04-23,5,0,14,0,0,8
USR_MED_13,2026-04-24,4,1,8,0,0,8
USR_MED_13,2026-04-25,3,1,26,0,3,10
USR_MED_13,2026-04-26,7,1,21,1,7,15
USR_MED_13,2026-04-27,7,0,439,0,0,9
USR_MED_13,2026-04-28,1,0,3,0,0,0
USR_MED_13,2026-04-30,5,0,13,0,0,8
USR_MED_13,2026-05-01,1,0,4,0,0,0
USR_MED_13,2026-05-02,2,0,8,0,2,10
USR_MED_13,2026-05-03,6,1,26,0,6,5
USR_MED_13,2026-05-04,1,0,5,0,0,0
USR_MED_13,2026-05-05,3,0,11,0,0,3
USR_MED_13,2026-05-06,3,1,33,0,0,4
USR_MED_13,2026-05-07,2,0,9,0,0,3
USR_MED_13,2026-05-08,7,0,262,0,0,8
USR_MED_13,2026-05-09,11,0,31,1,11,16
USR_MED_13,2026-05-10,6,0,19,0,6,9
USR_MED_13,2026-05-11,2,0,4,0,0,2
USR_MED_13,2026-05-12,3,0,396,0,0,2
USR_MED_13,2026-05-13,5,0,12,1,0,12
USR_MED_13,2026-05-14,5,0,12,0,0,8
USR_MED_13,2026-05-15,4,0,9,0,0,6
USR_MED_13,2026-05-16,2,0,7,0,2,6
USR_MED_13,2026-05-17,3,0,4,1,3,10
USR_MED_13,2026-05-18,3,0,13,0,0,8
USR_MED_13,2026-05-19,6,0,19,0,0,8
USR_MED_13,2026-05-20,6,0,17,0,0,10
USR_MED_13,2026-05-21,6,0,20,0,0,10
USR_MED_13,2026-05-22,6,0,17,0,0,7
USR_MED_13,2026-05-23,4,0,220,0,4,6
USR_MED_13,2026-05-24,3,0,6,0,3,10
USR_MED_13,2026-05-25,2,0,7,0,0,5
USR_MED_13,2026-05-26,1,0,2,0,0,0
USR_MED_13,2026-05-27,5,0,16,0,0,9
USR_MED_13,2026-05-28,3,0,11,1,0,17
USR_MED_13,2026-05-29,2,0,9,0,0,4
USR_MED_14,2026-04-15,4,1,28,0,0,8
USR_MED_14,2026-04-16,4,0,441,0,0,7
USR_MED_14,2026-04-17,4,0,16,0,0,7
USR_MED_14,2026-04-18,2,0,5,0,2,6
USR_MED_14,2026-04-19,4,0,11,0,4,10
USR_MED_14,2026-04-20,3,0,9,0,0,2
USR_MED_14,2026-04-21,5,2,16,0,0,6
USR_MED_14,2026-04-22,3,0,10,0,0,3
USR_MED_14,2026-04-23,4,0,15,1,0,17
USR_MED_14,2026-04-24,3,0,7,0,0,10
USR_MED_14,2026-04-25,7,0,446,0,7,6
USR_MED_14,2026-04-26,3,0,12,1,3,17
USR_MED_14,2026-04-27,2,0,6,0,0,1
USR_MED_14,2026-04-28,4,1,32,0,0,9
USR_MED_14,2026-04-29,3,0,11,0,0,2
USR_MED_14,2026-04-30,3,0,10,0,0,1
USR_MED_14,2026-05-01,1,0,2,0,0,0
USR_MED_14,2026-05-02,8,0,28,0,8,10
USR_MED_14,2026-05-03,4,0,14,0,4,5
USR_MED_14,2026-05-04,4,0,13,0,0,9
USR_MED_14,2026-05-05,3,0,9,0,0,10
USR_MED_14,2026-05-06,5,0,18,0,0,7
USR_MED_14,2026-05-07,1,0,4,0,0,0
USR_MED_14,2026-05-08,1,0,1,0,0,0
USR_MED_14,2026-05-09,3,0,498,1,3,12
USR_MED_14,2026-05-10,3,0,9,0,3,1
USR_MED_14,2026-05-11,2,0,7,0,0,2
USR_MED_14,2026-05-13,4,0,8,0,0,6
USR_MED_14,2026-05-14,4,0,9,0,0,9
USR_MED_14,2026-05-15,3,1,19,0,0,3
USR_MED_14,2026-05-16,6,1,20,1,6,13
USR_MED_14,2026-05-18,2,1,29,0,0,5
USR_MED_14,2026-05-19,2,0,6,0,0,0
USR_MED_14,2026-05-20,4,0,12,1,0,16
USR_MED_14,2026-05-21,7,0,704,0,0,11
USR_MED_14,2026-05-22,3,0,9,0,0,7
USR_MED_14,2026-05-23,6,0,17,0,6,10
USR_MED_14,2026-05-24,5,0,12,0,5,6
USR_MED_14,2026-05-25,2,0,8,0,0,4
USR_MED_14,2026-05-26,3,1,10,0,0,6
USR_MED_14,2026-05-27,3,0,7,0,0,7
USR_MED_14,2026-05-28,3,0,10,0,0,5
USR_MED_14,2026-05-29,5,0,286,0,0,7
USR_MED_15,2026-04-16,5,0,17,0,0,8
USR_MED_15,2026-04-17,3,0,12,0,0,5
USR_MED_15,2026-04-18,3,0,12,0,3,6
USR_MED_15,2026-04-19,6,1,39,0,6,10
USR_MED_15,2026-04-20,3,0,220,0,0,9
USR_MED_15,2026-04-21,2,0,7,0,0,4
USR_MED_15,2026-04-22,6,0,252,0,0,8
USR_MED_15,2026-04-23,3,0,11,0,0,8
USR_MED_15,2026-04-24,4,0,13,0,0,6
USR_MED_15,2026-04-25,3,0,6,0,3,5
USR_MED_15,2026-04-26,4,0,11,0,4,10
USR_MED_15,2026-04-27,3,1,9,0,0,8
USR_MED_15,2026-04-28,4,0,11,0,0,7
USR_MED_15,2026-04-29,1,0,3,0,0,0
USR_MED_15,2026-04-30,3,0,291,0,0,1
USR_MED_15,2026-05-01,4,0,18,0,0,3
USR_MED_15,2026-05-02,3,0,10,0,3,10
USR_MED_15,2026-05-03,3,1,31,0,3,9
USR_MED_15,2026-05-04,2,0,4,0,0,3
USR_MED_15,2026-05-05,5,0,15,1,0,16
USR_MED_15,2026-05-06,2,0,7,0,0,4
USR_MED_15,2026-05-07,3,0,9,0,0,5
USR_MED_15,2026-05-08,5,0,9,0,0,8
USR_MED_15,2026-05-09,3,0,5,0,3,10
USR_MED_15,2026-05-10,1,0,2,0,1,0
USR_MED_15,2026-05-11,3,0,15,0,0,8
USR_MED_15,2026-05-12,6,0,19,0,0,11
USR_MED_15,2026-05-13,4,0,13,0,0,6
USR_MED_15,2026-05-14,4,0,11,1,0,15
USR_MED_15,2026-05-15,4,0,7,0,0,1
USR_MED_15,2026-05-16,3,0,10,0,3,10
USR_MED_15,2026-05-17,4,1,27,0,4,7
USR_MED_15,2026-05-19,5,0,409,0,0,7
USR_MED_15,2026-05-20,3,0,9,0,0,9
USR_MED_15,2026-05-21,2,0,5,0,0,4
USR_MED_15,2026-05-22,5,0,791,0,0,8
USR_MED_15,2026-05-23,4,0,11,0,4,9
USR_MED_15,2026-05-24,2,0,2,0,2,5
USR_MED_15,2026-05-25,4,0,18,0,0,2
USR_MED_15,2026-05-26,2,0,4,0,0,0
USR_MED_15,2026-05-27,4,0,408,0,0,7
USR_MED_15,2026-05-28,5,1,15,0,0,7
USR_MED_15,2026-05-29,3,0,12,0,0,5
USR_MED_16,2026-04-15,5,1,15,0,0,10
USR_MED_16,2026-04-16,5,0,7,0,0,8
USR_MED_16,2026-04-17,5,1,18,0,0,9
USR_MED_16,2026-04-18,4,0,8,0,4,8
USR_MED_16,2026-04-19,5,0,17,1,5,15
USR_MED_16,2026-04-20,4,0,322,0,0,9
USR_MED_16,2026-04-21,3,0,12,0,0,8
USR_MED_16,2026-04-22,3,0,9,0,0,2
USR_MED_16,2026-04-23,3,0,5,0,0,11
USR_MED_16,2026-04-24,6,0,19,0,0,8
USR_MED_16,2026-04-25,2,0,6,0,2,2
USR_MED_16,2026-04-26,3,0,9,1,3,10
USR_MED_16,2026-04-27,10,1,36,0,0,9
USR_MED_16,2026-04-28,4,1,12,0,0,8
USR_MED_16,2026-04-29,3,1,37,0,0,6
USR_MED_16,2026-04-30,3,0,439,0,0,3
USR_MED_16,2026-05-01,5,0,17,0,0,9
USR_MED_16,2026-05-02,4,0,11,1,4,9
USR_MED_16,2026-05-03,3,1,37,0,3,3
USR_MED_16,2026-05-04,1,1,21,0,0,0
USR_MED_16,2026-05-05,3,0,11,0,0,10
USR_MED_16,2026-05-06,4,0,14,0,0,10
USR_MED_16,2026-05-07,5,0,13,0,0,10
USR_MED_16,2026-05-09,7,1,27,0,7,9
USR_MED_16,2026-05-10,4,0,14,0,4,7
USR_MED_16,2026-05-11,3,0,13,0,0,8
USR_MED_16,2026-05-12,3,0,337,0,0,5
USR_MED_16,2026-05-13,6,1,33,0,0,8
USR_MED_16,2026-05-14,4,1,33,0,0,11
USR_MED_16,2026-05-15,6,0,245,0,0,9
USR_MED_16,2026-05-16,4,0,357,0,4,6
USR_MED_16,2026-05-17,8,0,308,1,8,18
USR_MED_16,2026-05-18,3,0,8,0,0,5
USR_MED_16,2026-05-19,3,0,7,0,0,9
USR_MED_16,2026-05-20,6,0,11,0,0,9
USR_MED_16,2026-05-21,6,0,22,0,0,6
USR_MED_16,2026-05-22,2,0,8,0,0,6
USR_MED_16,2026-05-23,3,1,14,1,3,9
USR_MED_16,2026-05-24,3,0,10,0,3,4
USR_MED_16,2026-05-25,2,0,5,0,0,3
USR_MED_16,2026-05-26,7,1,235,0,0,11
USR_MED_16,2026-05-27,2,0,6,0,0,3
USR_MED_16,2026-05-28,5,0,10,0,0,9
USR_MED_16,2026-05-29,3,0,8,0,0,3
USR_MED_17,2026-04-15,3,1,7,1,0,16
USR_MED_17,2026-04-16,2,0,10,0,0,0
USR_MED_17,2026-04-17,5,0,12,0,0,7
USR_MED_17,2026-04-18,4,1,17,0,4,8
USR_MED_17,2026-04-19,9,0,29,0,9,7
USR_MED_17,2026-04-20,4,0,777,0,0,3
USR_MED_17,2026-04-21,5,0,13,0,0,7
USR_MED_17,2026-04-22,6,2,60,0,0,10
USR_MED_17,2026-04-23,6,0,16,1,0,14
USR_MED_17,2026-04-24,2,0,6,0,0,2
USR_MED_17,2026-04-25,4,0,11,0,4,3
USR_MED_17,2026-04-26,4,1,22,0,4,8
USR_MED_17,2026-04-27,1,1,28,0,0,0
USR_MED_17,2026-04-28,3,0,12,0,0,4
USR_MED_17,2026-04-29,4,0,10,1,0,13
USR_MED_17,2026-04-30,6,0,17,0,0,8
USR_MED_17,2026-05-01,3,0,11,0,0,2
USR_MED_17,2026-05-02,4,1,36,0,4,10
USR_MED_17,2026-05-03,1,0,4,0,1,0
USR_MED_17,2026-05-04,2,0,6,0,0,2
USR_MED_17,2026-05-05,4,1,12,0,0,8
USR_MED_17,2026-05-06,5,1,265,1,0,18
USR_MED_17,2026-05-07,1,0,4,0,0,0
USR_MED_17,2026-05-08,4,0,13,0,0,9
USR_MED_17,2026-05-09,4,0,6,0,4,6
USR_MED_17,2026-05-10,5,1,19,0,5,9
USR_MED_17,2026-05-11,5,0,240,0,0,5
USR_MED_17,2026-05-12,5,1,29,0,0,6
USR_MED_17,2026-05-13,4,0,16,0,0,7
USR_MED_17,2026-05-14,4,0,11,0,0,8
USR_MED_17,2026-05-15,6,0,16,0,0,8
USR_MED_17,2026-05-16,3,0,13,0,3,5
USR_MED_17,2026-05-17,4,0,11,0,4,10
USR_MED_17,2026-05-18,2,0,2,0,0,1
USR_MED_17,2026-05-19,1,0,1,0,0,0
USR_MED_17,2026-05-20,6,0,16,0,0,7
USR_MED_17,2026-05-21,5,1,10,0,0,6
USR_MED_17,2026-05-22,1,0,3,0,0,0
USR_MED_17,2026-05-23,1,0,5,0,1,0
USR_MED_17,2026-05-24,5,1,16,0,5,10
USR_MED_17,2026-05-25,5,0,11,0,0,7
USR_MED_17,2026-05-26,5,0,11,0,0,6
USR_MED_17,2026-05-27,1,0,1,0,0,0
USR_MED_17,2026-05-28,8,0,20,0,0,10
USR_MED_17,2026-05-29,4,0,10,0,0,10
USR_MED_18,2026-04-15,5,0,17,0,0,6
USR_MED_18,2026-04-16,4,0,7,0,0,4
USR_MED_18,2026-04-17,3,0,6,0,0,9
USR_MED_18,2026-04-18,2,0,10,0,2,9
USR_MED_18,2026-04-19,5,0,16,0,5,8
USR_MED_18,2026-04-20,4,0,12,0,0,4
USR_MED_18,2026-04-21,7,3,46,0,0,7
USR_MED_18,2026-04-22,4,1,401,0,0,7
USR_MED_18,2026-04-23,2,0,5,0,0,3
USR_MED_18,2026-04-24,6,0,13,0,0,8
USR_MED_18,2026-04-25,5,0,15,0,5,7
USR_MED_18,2026-04-26,4,0,15,0,4,11
USR_MED_18,2026-04-27,4,0,8,0,0,5
USR_MED_18,2026-04-28,3,1,22,0,0,7
USR_MED_18,2026-04-29,9,0,20,0,0,10
USR_MED_18,2026-04-30,6,0,20,0,0,10
USR_MED_18,2026-05-01,7,0,26,0,0,9
USR_MED_18,2026-05-02,3,0,10,0,3,8
USR_MED_18,2026-05-03,2,0,5,0,2,1
USR_MED_18,2026-05-04,2,0,6,0,0,7
USR_MED_18,2026-05-05,3,0,9,0,0,4
USR_MED_18,2026-05-06,6,0,13,0,0,7
USR_MED_18,2026-05-07,2,0,8,1,0,11
USR_MED_18,2026-05-08,4,0,7,0,0,3
USR_MED_18,2026-05-09,1,0,3,0,1,0
USR_MED_18,2026-05-10,5,0,14,0,5,11
USR_MED_18,2026-05-11,3,0,7,0,0,5
USR_MED_18,2026-05-12,1,0,2,0,0,0
USR_MED_18,2026-05-13,7,0,13,0,0,11
USR_MED_18,2026-05-14,1,0,3,0,0,0
USR_MED_18,2026-05-15,4,0,6,0,0,10
USR_MED_18,2026-05-16,6,1,47,0,6,9
USR_MED_18,2026-05-17,6,0,20,0,6,10
USR_MED_18,2026-05-18,5,0,18,1,0,17
USR_MED_18,2026-05-19,5,1,510,0,0,9
USR_MED_18,2026-05-20,6,0,18,0,0,7
USR_MED_18,2026-05-21,6,0,22,0,0,9
USR_MED_18,2026-05-22,4,0,13,0,0,8
USR_MED_18,2026-05-23,3,1,8,0,3,8
USR_MED_18,2026-05-24,5,0,13,0,5,9
USR_MED_18,2026-05-25,5,0,13,1,0,18
USR_MED_18,2026-05-26,6,0,14,1,0,12
USR_MED_18,2026-05-27,3,0,6,0,0,4
USR_MED_18,2026-05-28,4,0,13,0,0,2
USR_MED_18,2026-05-29,1,0,5,0,0,0
USR_MED_19,2026-04-15,6,1,19,1,0,16
USR_MED_19,2026-04-16,6,0,22,0,0,4
USR_MED_19,2026-04-17,2,0,8,0,0,9
USR_MED_19,2026-04-18,7,0,459,0,7,8
USR_MED_19,2026-04-19,4,1,25,0,4,6
USR_MED_19,2026-04-20,4,0,11,0,0,9
USR_MED_19,2026-04-21,2,0,6,0,0,1
USR_MED_19,2026-04-22,2,0,6,0,0,3
USR_MED_19,2026-04-23,4,0,12,0,0,4
USR_MED_19,2026-04-24,4,1,36,0,0,8
USR_MED_19,2026-04-25,2,0,481,0,2,5
USR_MED_19,2026-04-26,6,0,17,0,6,7
USR_MED_19,2026-04-27,4,0,12,0,0,4
USR_MED_19,2026-04-28,5,0,481,0,0,9
USR_MED_19,2026-04-29,4,0,15,0,0,9
USR_MED_19,2026-04-30,2,0,10,0,0,7
USR_MED_19,2026-05-01,3,1,8,0,0,3
USR_MED_19,2026-05-03,1,0,4,0,1,0
USR_MED_19,2026-05-04,3,0,10,0,0,7
USR_MED_19,2026-05-05,1,0,1,0,0,0
USR_MED_19,2026-05-06,2,0,4,0,0,1
USR_MED_19,2026-05-07,3,0,15,0,0,8
USR_MED_19,2026-05-08,3,0,5,0,0,10
USR_MED_19,2026-05-09,5,0,11,0,5,11
USR_MED_19,2026-05-10,5,0,14,0,5,10
USR_MED_19,2026-05-11,3,0,8,0,0,6
USR_MED_19,2026-05-12,5,0,20,0,0,10
USR_MED_19,2026-05-13,2,0,6,1,0,11
USR_MED_19,2026-05-14,3,0,8,0,0,9
USR_MED_19,2026-05-15,7,0,14,2,0,17
USR_MED_19,2026-05-16,3,0,8,0,3,6
USR_MED_19,2026-05-17,3,0,11,0,3,7
USR_MED_19,2026-05-18,4,0,9,0,0,3
USR_MED_19,2026-05-20,7,0,23,1,0,16
USR_MED_19,2026-05-21,4,0,14,0,0,10
USR_MED_19,2026-05-22,5,0,6,0,0,9
USR_MED_19,2026-05-23,4,0,353,0,4,2
USR_MED_19,2026-05-24,3,0,9,0,3,5
USR_MED_19,2026-05-25,6,0,15,0,0,10
USR_MED_19,2026-05-26,4,0,11,0,0,8
USR_MED_19,2026-05-27,3,0,7,0,0,4
USR_MED_19,2026-05-28,3,0,5,0,0,4
USR_MED_19,2026-05-29,3,1,10,0,0,4
USR_MED_20,2026-04-15,2,0,5,0,0,2
USR_MED_20,2026-04-16,3,0,11,0,0,6
USR_MED_20,2026-04-17,4,0,15,0,0,8
USR_MED_20,2026-04-18,7,0,27,0,7,8
USR_MED_20,2026-04-19,7,0,312,0,7,6
USR_MED_20,2026-04-20,4,0,300,0,0,8
USR_MED_20,2026-04-21,2,0,5,0,0,3
USR_MED_20,2026-04-22,2,0,5,1,0,7
USR_MED_20,2026-04-23,4,1,33,0,0,8
USR_MED_20,2026-04-24,4,1,29,0,0,5
USR_MED_20,2026-04-25,6,0,14,0,6,7
USR_MED_20,2026-04-26,3,0,6,0,3,11
USR_MED_20,2026-04-27,8,0,737,0,0,9
USR_MED_20,2026-04-28,5,0,20,0,0,10
USR_MED_20,2026-04-29,3,0,9,0,0,7
USR_MED_20,2026-04-30,2,0,7,0,0,6
USR_MED_20,2026-05-01,6,0,12,1,0,16
USR_MED_20,2026-05-02,4,0,14,0,4,8
USR_MED_20,2026-05-03,6,1,34,0,6,7
USR_MED_20,2026-05-04,3,0,10,0,0,3
USR_MED_20,2026-05-05,3,0,8,1,0,18
USR_MED_20,2026-05-06,4,1,31,0,0,9
USR_MED_20,2026-05-07,7,1,329,0,0,9
USR_MED_20,2026-05-09,3,0,10,1,3,14
USR_MED_20,2026-05-10,2,0,9,0,2,2
USR_MED_20,2026-05-11,5,0,14,0,0,5
USR_MED_20,2026-05-12,3,0,5,0,0,9
USR_MED_20,2026-05-13,1,0,2,0,0,0
USR_MED_20,2026-05-14,1,0,5,0,0,0
USR_MED_20,2026-05-15,3,1,10,0,0,9
USR_MED_20,2026-05-16,4,0,11,0,4,8
USR_MED_20,2026-05-17,4,0,13,0,4,6
USR_MED_20,2026-05-18,7,0,24,0,0,6
USR_MED_20,2026-05-19,3,0,9,0,0,11
USR_MED_20,2026-05-20,2,0,6,0,0,4
USR_MED_20,2026-05-21,5,0,10,0,0,8
USR_MED_20,2026-05-22,7,0,19,0,0,11
USR_MED_20,2026-05-23,8,0,27,0,8,11
USR_MED_20,2026-05-24,2,0,5,0,2,7
USR_MED_20,2026-05-25,2,0,7,0,0,8
USR_MED_20,2026-05-26,1,0,3,0,0,0
USR_MED_20,2026-05-27,5,2,29,0,0,7
USR_MED_20,2026-05-28,5,0,15,0,0,7
USR_MED_20,2026-05-29,5,0,225,0,0,8
